timeOpen;timeClose;timeHigh;timeLow;name;open;high;low;close;volume;marketCap;circulatingSupply;timestamp
"2022-04-30T00:00:00.000Z";"2022-04-30T23:59:59.999Z";"2022-04-30T02:10:00.000Z";"2022-04-30T23:13:00.000Z";"2781";94.0135551499;94.9288451769;82.909542218;85.0959330339;1293033765.15;28422718817.87;334007957.9;"2022-04-30T23:59:59.999Z"
"2022-04-29T00:00:00.000Z";"2022-04-29T23:59:59.999Z";"2022-04-29T01:41:00.000Z";"2022-04-29T19:56:00.000Z";"2781";98.182961399;98.5685646365;92.8842730466;94.0113484749;1234575023.19;31400352078.57;334005974.68;"2022-04-29T23:59:59.999Z"
"2022-04-28T00:00:00.000Z";"2022-04-28T23:59:59.999Z";"2022-04-28T10:01:00.000Z";"2022-04-28T14:17:00.000Z";"2781";98.3821465866;100.4012318509;96.6945226734;98.185729412;1307131609.42;32764948307.2;333703772.47;"2022-04-28T23:59:59.999Z"
"2022-04-27T00:00:00.000Z";"2022-04-27T23:59:59.999Z";"2022-04-27T13:53:00.000Z";"2022-04-27T00:49:00.000Z";"2781";95.7855208437;100.5449260351;95.2835008919;98.3788714598;1253566599.48;32829333026.89;333703086.24;"2022-04-27T23:59:59.999Z"
"2022-04-26T00:00:00.000Z";"2022-04-26T23:59:59.999Z";"2022-04-26T00:40:00.000Z";"2022-04-26T23:31:00.000Z";"2781";101.2248791239;101.7424851764;95.1778927511;95.7821480444;1301074534.36;31962849254.72;333703617.09;"2022-04-26T23:59:59.999Z"
"2022-04-25T00:00:00.000Z";"2022-04-25T23:59:59.999Z";"2022-04-25T23:44:00.000Z";"2022-04-25T09:19:00.000Z";"2781";99.2414112294;101.4405906811;94.7557493041;101.2476341146;1538486688.6;33772914316.27;333567441.96;"2022-04-25T23:59:59.999Z"
"2022-04-24T00:00:00.000Z";"2022-04-24T23:59:59.999Z";"2022-04-24T09:37:00.000Z";"2022-04-24T17:34:00.000Z";"2781";100.727186547;102.2166833914;99.0085147656;99.235792967;818266007.64;33101881730.6;333567967.17;"2022-04-24T23:59:59.999Z"
"2022-04-23T00:00:00.000Z";"2022-04-23T23:59:59.999Z";"2022-04-23T16:49:00.000Z";"2022-04-23T04:34:00.000Z";"2781";100.6197813169;102.7712322843;98.7815676002;100.7444402666;823252482.49;33605175877.36;333568540.24;"2022-04-23T23:59:59.999Z"
"2022-04-22T00:00:00.000Z";"2022-04-22T23:59:59.999Z";"2022-04-22T06:24:00.000Z";"2022-04-22T16:07:00.000Z";"2781";101.7574222517;103.4981447884;99.5794330701;100.6120533938;1274793594.44;33561079113.17;333569169.71;"2022-04-22T23:59:59.999Z"
"2022-04-21T00:00:00.000Z";"2022-04-21T23:59:59.999Z";"2022-04-21T13:38:00.000Z";"2022-04-21T22:37:00.000Z";"2781";105.4976704954;109.7653297838;100.767154272;101.7761423806;1838571746.9;33935858708.04;333436283.93;"2022-04-21T23:59:59.999Z"
"2022-04-20T00:00:00.000Z";"2022-04-20T23:59:59.999Z";"2022-04-20T11:52:00.000Z";"2022-04-20T18:59:00.000Z";"2781";108.6021977972;110.7229788695;104.772660903;105.4970008243;1761531527.94;35176593429.43;333436904.88;"2022-04-20T23:59:59.999Z"
"2022-04-19T00:00:00.000Z";"2022-04-19T23:59:59.999Z";"2022-04-19T23:59:00.000Z";"2022-04-19T04:10:00.000Z";"2781";102.2023818991;108.5820327148;101.3017284067;108.5820327148;1711909607.27;36205329781.76;333437575.96;"2022-04-19T23:59:59.999Z"
"2022-04-18T00:00:00.000Z";"2022-04-18T23:59:59.999Z";"2022-04-18T22:58:00.000Z";"2022-04-18T09:04:00.000Z";"2781";100.407948392;102.5170256817;95.2427740977;102.1585344689;1846133932.4;34030862759.18;333118157.34;"2022-04-18T23:59:59.999Z"
"2022-04-17T00:00:00.000Z";"2022-04-17T23:59:59.999Z";"2022-04-17T16:40:00.000Z";"2022-04-17T23:49:00.000Z";"2781";102.2484388709;105.2945551556;99.9581757964;100.4096963588;1057908298.94;33448341308.02;333118638.15;"2022-04-17T23:59:59.999Z"
"2022-04-16T00:00:00.000Z";"2022-04-16T23:59:59.999Z";"2022-04-16T15:04:00.000Z";"2022-04-16T16:07:00.000Z";"2781";101.29869416;103.2717215475;100.9647204962;102.2573126931;774939305.12;34063156158.3;333112178.1;"2022-04-16T23:59:59.999Z"
"2022-04-15T00:00:00.000Z";"2022-04-15T23:59:59.999Z";"2022-04-15T15:49:00.000Z";"2022-04-15T14:31:00.000Z";"2781";100.7065282725;102.6726425066;100.1008948271;101.3097764848;1050639350.77;33733487009.15;332973659.4;"2022-04-15T23:59:59.999Z"
"2022-04-14T00:00:00.000Z";"2022-04-14T23:59:59.999Z";"2022-04-14T04:39:00.000Z";"2022-04-14T19:03:00.000Z";"2781";104.9406031561;107.3296377691;99.2568463206;100.7078010378;1686576071.06;33037638422.19;328054411.69;"2022-04-14T23:59:59.999Z"
"2022-04-13T00:00:00.000Z";"2022-04-13T23:59:59.999Z";"2022-04-13T19:01:00.000Z";"2022-04-13T13:11:00.000Z";"2781";103.2810129499;105.6768505413;100.4884570256;105.0019475001;1675840411.98;34446417329.75;328055032.79;"2022-04-13T23:59:59.999Z"
"2022-04-12T00:00:00.000Z";"2022-04-12T23:59:59.999Z";"2022-04-12T13:34:00.000Z";"2022-04-12T02:37:00.000Z";"2781";99.3846773181;109.1175581386;98.9352993983;103.3063878372;2317008206.84;33876639836.21;327923960.42;"2022-04-12T23:59:59.999Z"
"2022-04-11T00:00:00.000Z";"2022-04-11T23:59:59.999Z";"2022-04-11T01:28:00.000Z";"2022-04-11T21:53:00.000Z";"2781";111.6989899452;111.8311390386;98.6708543589;99.3391004518;2272498193.67;32578478203.32;327952216.75;"2022-04-11T23:59:59.999Z"
"2022-04-10T00:00:00.000Z";"2022-04-10T23:59:59.999Z";"2022-04-10T18:16:00.000Z";"2022-04-10T10:05:00.000Z";"2781";112.9727114843;115.8083264909;110.0778350414;111.7424356317;1280232450.32;36612845093.25;327653902.35;"2022-04-10T23:59:59.999Z"
"2022-04-09T00:00:00.000Z";"2022-04-09T23:59:59.999Z";"2022-04-09T23:40:00.000Z";"2022-04-09T02:43:00.000Z";"2781";109.7987628439;113.1148897841;108.634336266;112.972792565;1202250515.7;37016030859.39;327654384.91;"2022-04-09T23:59:59.999Z"
"2022-04-08T00:00:00.000Z";"2022-04-08T23:59:59.999Z";"2022-04-08T03:30:00.000Z";"2022-04-08T23:34:00.000Z";"2781";118.8162121838;122.2541191308;108.541157027;109.8008772977;2376864564.83;35976774331.26;327654707.47;"2022-04-08T23:59:59.999Z"
"2022-04-07T00:00:00.000Z";"2022-04-07T23:59:59.999Z";"2022-04-07T23:22:00.000Z";"2022-04-07T00:59:00.000Z";"2781";112.9357993682;119.7607141909;111.9574694174;118.7965147921;2431083313.41;38753887597.37;326220745.32;"2022-04-07T23:59:59.999Z"
"2022-04-06T00:00:00.000Z";"2022-04-06T23:59:59.999Z";"2022-04-06T07:14:00.000Z";"2022-04-06T23:58:00.000Z";"2781";126.8579574783;127.2811601829;112.7736796056;112.8833869838;3281009142.92;36769287681.34;325728069.15;"2022-04-06T23:59:59.999Z"
"2022-04-05T00:00:00.000Z";"2022-04-05T23:59:59.999Z";"2022-04-05T12:32:00.000Z";"2022-04-05T23:53:00.000Z";"2781";132.3878614898;136.1828531593;126.5639692361;126.8622359921;2239922209.67;41322645994.4;325728501.25;"2022-04-05T23:59:59.999Z"
"2022-04-04T00:00:00.000Z";"2022-04-04T23:59:59.999Z";"2022-04-04T07:50:00.000Z";"2022-04-04T18:11:00.000Z";"2781";136.7607829414;137.6335174813;126.8653261454;132.4126273148;2828117206.14;43113299130.37;325598094.42;"2022-04-04T23:59:59.999Z"
"2022-04-03T00:00:00.000Z";"2022-04-03T23:59:59.999Z";"2022-04-03T09:51:00.000Z";"2022-04-03T01:23:00.000Z";"2781";132.24107403;140.2637013953;131.2261436805;136.775322181;2585967811.87;44563278264.24;325813732.72;"2022-04-03T23:59:59.999Z"
"2022-04-02T00:00:00.000Z";"2022-04-02T23:59:59.999Z";"2022-04-02T13:37:00.000Z";"2022-04-02T23:57:00.000Z";"2781";134.453576706;143.0200200113;132.1391954531;132.1988635537;3394186455.6;43095052896.48;325986560.99;"2022-04-02T23:59:59.999Z"
"2022-04-01T00:00:00.000Z";"2022-04-01T23:59:59.999Z";"2022-04-01T22:02:00.000Z";"2022-04-01T02:58:00.000Z";"2781";122.7361038522;137.5584077534;118.7879115491;134.430934343;4434807484.27;43780520759.42;325672963.39;"2022-04-01T23:59:59.999Z"
"2022-03-31T00:00:00.000Z";"2022-03-31T23:59:59.999Z";"2022-03-31T14:55:00.000Z";"2022-03-31T00:07:00.000Z";"2781";120.6815563031;128.9301081194;120.1978311451;122.6614635138;4115229586.7;39896242151.66;325254900.84;"2022-03-31T23:59:59.999Z"
"2022-03-30T00:00:00.000Z";"2022-03-30T23:59:59.999Z";"2022-03-30T17:04:00.000Z";"2022-03-30T01:44:00.000Z";"2781";111.6902575172;124.6050045507;107.7672598276;120.6994854904;3908170427.97;39256767638.77;325243868.93;"2022-03-30T23:59:59.999Z"
"2022-03-29T00:00:00.000Z";"2022-03-29T23:59:59.999Z";"2022-03-29T13:10:00.000Z";"2022-03-29T00:01:00.000Z";"2781";106.3279863476;115.2757156985;105.9991947999;111.7103114397;3052274877;36318284406.6;325111298.49;"2022-03-29T23:59:59.999Z"
"2022-03-28T00:00:00.000Z";"2022-03-28T23:59:59.999Z";"2022-03-28T14:55:00.000Z";"2022-03-28T01:40:00.000Z";"2781";107.077966534;113.1759518313;105.4778784828;106.465256791;2877146388.49;34611838729.49;325099847.34;"2022-03-28T23:59:59.999Z"
"2022-03-27T00:00:00.000Z";"2022-03-27T23:59:59.999Z";"2022-03-27T23:49:00.000Z";"2022-03-27T13:04:00.000Z";"2781";101.7736948208;107.298712659;99.2690990848;107.0842181884;1572329891.84;34798921340.59;324967786.38;"2022-03-27T23:59:59.999Z"
"2022-03-26T00:00:00.000Z";"2022-03-26T23:59:59.999Z";"2022-03-26T20:25:00.000Z";"2022-03-26T01:34:00.000Z";"2781";98.6667460947;103.1935753488;97.8296854571;101.764181134;1282869612.45;33066454393.94;324932152.21;"2022-03-26T23:59:59.999Z"
"2022-03-25T00:00:00.000Z";"2022-03-25T23:59:59.999Z";"2022-03-25T06:16:00.000Z";"2022-03-25T17:55:00.000Z";"2781";102.2383561134;104.5829589135;97.3182455378;98.6581026934;2175497006.73;32057254186.25;324932806.44;"2022-03-25T23:59:59.999Z"
"2022-03-24T00:00:00.000Z";"2022-03-24T23:59:59.999Z";"2022-03-24T19:37:00.000Z";"2022-03-24T01:40:00.000Z";"2781";95.0209006406;103.4557933327;94.0655050718;102.2236915296;3601646600.25;32993555965.64;322758408.27;"2022-03-24T23:59:59.999Z"
"2022-03-23T00:00:00.000Z";"2022-03-23T23:59:59.999Z";"2022-03-23T15:47:00.000Z";"2022-03-23T01:34:00.000Z";"2781";90.5139281711;96.0518408418;89.8114637879;95.102681249;2099467744.89;30479406012.85;320489450.06;"2022-03-23T23:59:59.999Z"
"2022-03-22T00:00:00.000Z";"2022-03-22T23:59:59.999Z";"2022-03-22T14:37:00.000Z";"2022-03-22T00:34:00.000Z";"2781";88.7419030366;93.7668085082;88.1827805757;90.5129680499;1879747151.62;29008521073.72;320490220.34;"2022-03-22T23:59:59.999Z"
"2022-03-21T00:00:00.000Z";"2022-03-21T23:59:59.999Z";"2022-03-21T10:16:00.000Z";"2022-03-21T02:50:00.000Z";"2781";88.6050045987;91.0119819513;87.2076447357;88.7572013052;1598537311.66;28434031532.64;320357459.61;"2022-03-21T23:59:59.999Z"
"2022-03-20T00:00:00.000Z";"2022-03-20T23:59:59.999Z";"2022-03-20T00:03:00.000Z";"2022-03-20T17:56:00.000Z";"2781";92.4136627532;92.435921998;88.1504602744;88.6148566208;1286133602.74;28388486843.57;320358097.12;"2022-03-20T23:59:59.999Z"
"2022-03-19T00:00:00.000Z";"2022-03-19T23:59:59.999Z";"2022-03-19T16:40:00.000Z";"2022-03-19T08:02:00.000Z";"2781";89.820461357;94.3608896057;89.3926129609;92.4181524246;1951674158.05;29606972590.62;320358845.25;"2022-03-19T23:59:59.999Z"
"2022-03-18T00:00:00.000Z";"2022-03-18T23:59:59.999Z";"2022-03-18T17:10:00.000Z";"2022-03-18T11:10:00.000Z";"2781";87.8662640409;91.8486198024;84.636979515;89.8220338566;2745357459.93;28763415972.67;320226727.65;"2022-03-18T23:59:59.999Z"
"2022-03-17T00:00:00.000Z";"2022-03-17T23:59:59.999Z";"2022-03-17T20:02:00.000Z";"2022-03-17T10:16:00.000Z";"2781";87.8624566479;90.7572860997;86.7512258298;87.876844183;2440062580.76;28140573242.46;320227398.97;"2022-03-17T23:59:59.999Z"
"2022-03-16T00:00:00.000Z";"2022-03-16T23:59:59.999Z";"2022-03-16T23:59:00.000Z";"2022-03-16T05:34:00.000Z";"2781";82.9516746524;87.9036259137;81.6532456926;87.9036259137;2370877300.81;28109416349.47;319775391.03;"2022-03-16T23:59:59.999Z"
"2022-03-15T00:00:00.000Z";"2022-03-15T23:59:59.999Z";"2022-03-15T19:10:00.000Z";"2022-03-15T09:10:00.000Z";"2781";81.1700617207;85.5193097649;79.0717779863;82.9550888614;1627848454.76;26801674174.95;323086558.56;"2022-03-15T23:59:59.999Z"
"2022-03-14T00:00:00.000Z";"2022-03-14T23:59:59.999Z";"2022-03-14T09:58:00.000Z";"2022-03-14T00:16:00.000Z";"2781";78.9255778351;82.0993041576;78.2743536414;81.173339135;1676601058.32;26226064256.96;323087167.98;"2022-03-14T23:59:59.999Z"
"2022-03-13T00:00:00.000Z";"2022-03-13T23:59:59.999Z";"2022-03-13T04:10:00.000Z";"2022-03-13T23:04:00.000Z";"2781";81.5312157446;82.8830328219;78.0043859564;78.9360719163;1316842579.7;25492592996.77;322952388.91;"2022-03-13T23:59:59.999Z"
"2022-03-12T00:00:00.000Z";"2022-03-12T23:59:59.999Z";"2022-03-12T02:13:00.000Z";"2022-03-12T00:01:00.000Z";"2781";80.7475193682;82.6637560466;80.7220989649;81.5538196181;1036290479.6;26068188197.62;319643988.71;"2022-03-12T23:59:59.999Z"
"2022-03-11T00:00:00.000Z";"2022-03-11T23:59:59.999Z";"2022-03-11T12:35:00.000Z";"2022-03-11T20:55:00.000Z";"2781";82.9407390925;84.0506643554;80.2812356658;80.7449965663;1852734626.18;26076896379.72;322953712.16;"2022-03-11T23:59:59.999Z"
"2022-03-10T00:00:00.000Z";"2022-03-10T23:59:59.999Z";"2022-03-10T00:26:00.000Z";"2022-03-10T13:52:00.000Z";"2781";88.1903961432;88.4539494562;81.0193386866;82.9390902116;2196400278.9;26486185022.16;319345015.17;"2022-03-10T23:59:59.999Z"
"2022-03-09T00:00:00.000Z";"2022-03-09T23:59:59.999Z";"2022-03-09T07:32:00.000Z";"2022-03-09T00:14:00.000Z";"2781";82.2799192804;89.4820473011;82.206234776;88.2020648732;2624860794.04;28458658754.55;322652976.38;"2022-03-09T23:59:59.999Z"
"2022-03-08T00:00:00.000Z";"2022-03-08T23:59:59.999Z";"2022-03-08T18:22:00.000Z";"2022-03-08T16:44:00.000Z";"2781";82.1126045065;84.7799022318;81.5401136936;82.2547618493;2112765959.49;26160615238.91;318043778.27;"2022-03-08T23:59:59.999Z"
"2022-03-07T00:00:00.000Z";"2022-03-07T23:59:59.999Z";"2022-03-07T14:31:00.000Z";"2022-03-07T20:04:00.000Z";"2781";84.5528708692;86.4830881782;80.3168455428;82.1300685306;2375648176.22;26381762345.94;321219290.55;"2022-03-07T23:59:59.999Z"
"2022-03-06T00:00:00.000Z";"2022-03-06T23:59:59.999Z";"2022-03-06T01:07:00.000Z";"2022-03-06T23:31:00.000Z";"2781";89.6485874318;89.8653813985;84.3296464267;84.5421863307;1467561781.76;27115147513.75;320729196.75;"2022-03-06T23:59:59.999Z"
"2022-03-05T00:00:00.000Z";"2022-03-05T23:59:59.999Z";"2022-03-05T17:13:00.000Z";"2022-03-05T01:04:00.000Z";"2781";88.290535268;91.0361746009;86.2888382606;89.6478402245;1437161886.81;28456383337.09;317424081.45;"2022-03-05T23:59:59.999Z"
"2022-03-04T00:00:00.000Z";"2022-03-04T23:59:59.999Z";"2022-03-04T00:07:00.000Z";"2022-03-04T22:32:00.000Z";"2781";95.5670366201;95.7081327254;87.5544435114;88.2459794131;2592829727.85;27999802538.36;317292671.29;"2022-03-04T23:59:59.999Z"
"2022-03-03T00:00:00.000Z";"2022-03-03T23:59:59.999Z";"2022-03-03T00:33:00.000Z";"2022-03-03T20:51:00.000Z";"2781";100.6537706304;101.427269605;94.3779627984;95.5391974062;2309311748.04;30629630122.78;320597523.89;"2022-03-03T23:59:59.999Z"
"2022-03-02T00:00:00.000Z";"2022-03-02T23:59:59.999Z";"2022-03-02T10:55:00.000Z";"2022-03-02T00:37:00.000Z";"2781";98.6490709192;105.984774507;97.1057987893;100.6496384511;3800592926.99;32268084488.69;320598116.25;"2022-03-02T23:59:59.999Z"
"2022-03-01T00:00:00.000Z";"2022-03-01T23:59:59.999Z";"2022-03-01T14:07:00.000Z";"2022-03-01T10:13:00.000Z";"2781";99.5404631819;101.5591577924;94.8934273684;98.6535579332;3225742519.37;31614901348.26;320463873.89;"2022-03-01T23:59:59.999Z"
"2022-02-28T00:00:00.000Z";"2022-02-28T23:59:59.999Z";"2022-02-28T22:40:00.000Z";"2022-02-28T00:59:00.000Z";"2781";85.5011098017;101.0417970186;84.5758463118;99.5203486662;3457872745.62;31852723642.32;320062420.09;"2022-02-28T23:59:59.999Z"
"2022-02-27T00:00:00.000Z";"2022-02-27T23:59:59.999Z";"2022-02-27T12:55:00.000Z";"2022-02-27T23:28:00.000Z";"2781";90.1246371317;91.989433057;84.4929239218;85.5190520144;2012522472.71;27371485041.05;320063008.14;"2022-02-27T23:59:59.999Z"
"2022-02-26T00:00:00.000Z";"2022-02-26T23:59:59.999Z";"2022-02-26T00:44:00.000Z";"2022-02-26T18:25:00.000Z";"2781";92.6088629166;94.6043331958;89.7576777374;90.141564474;1721041901.31;28838878172.64;319928751.41;"2022-02-26T23:59:59.999Z"
"2022-02-25T00:00:00.000Z";"2022-02-25T23:59:59.999Z";"2022-02-25T23:04:00.000Z";"2022-02-25T05:16:00.000Z";"2781";89.2281305368;94.7778103465;87.2761625632;92.5988232883;3069242551.49;29625083070.9;319929368.63;"2022-02-25T23:59:59.999Z"
"2022-02-24T00:00:00.000Z";"2022-02-24T23:59:59.999Z";"2022-02-24T20:19:00.000Z";"2022-02-24T04:31:00.000Z";"2781";84.8635819351;92.2793926383;76.8595736251;89.1947477496;5253578947.51;28536069021.84;319929925.72;"2022-02-24T23:59:59.999Z"
"2022-02-23T00:00:00.000Z";"2022-02-23T23:59:59.999Z";"2022-02-23T13:22:00.000Z";"2022-02-23T23:59:00.000Z";"2781";86.4707971544;92.7384423001;84.9027854672;84.9027854672;2293962444.62;27151072801.83;319790130;"2022-02-23T23:59:59.999Z"
"2022-02-22T00:00:00.000Z";"2022-02-22T23:59:59.999Z";"2022-02-22T14:56:00.000Z";"2022-02-22T03:49:00.000Z";"2781";83.1063963399;87.1639757824;81.2048599417;86.4653845495;2046554017.52;27650979800.77;319792480.48;"2022-02-22T23:59:59.999Z"
"2022-02-21T00:00:00.000Z";"2022-02-21T23:59:59.999Z";"2022-02-21T08:19:00.000Z";"2022-02-21T23:58:00.000Z";"2781";90.8830225427;95.9040908748;83.1184465302;83.1231619649;2892900595.08;26582210816.1;319793065.95;"2022-02-21T23:59:59.999Z"
"2022-02-20T00:00:00.000Z";"2022-02-20T23:59:59.999Z";"2022-02-20T23:04:00.000Z";"2022-02-20T08:41:00.000Z";"2781";91.4443231225;93.3202817174;86.0174417011;90.901414855;1912980153.2;29057463086.35;319659084.87;"2022-02-20T23:59:59.999Z"
"2022-02-19T00:00:00.000Z";"2022-02-19T23:59:59.999Z";"2022-02-19T06:55:00.000Z";"2022-02-19T11:45:00.000Z";"2781";90.0518818649;92.5409610662;88.9531173666;91.4966528;1084605729.1;29247783190.97;319659597.33;"2022-02-19T23:59:59.999Z"
"2022-02-18T00:00:00.000Z";"2022-02-18T23:59:59.999Z";"2022-02-18T09:01:00.000Z";"2022-02-18T22:19:00.000Z";"2781";93.4629830808;96.2018211065;89.7061078262;90.0654607785;1669246811.94;28790343296.56;319660201.01;"2022-02-18T23:59:59.999Z"
"2022-02-17T00:00:00.000Z";"2022-02-17T23:59:59.999Z";"2022-02-17T01:14:00.000Z";"2022-02-17T21:31:00.000Z";"2781";101.8982327128;102.6329351874;92.6762432205;93.410421104;1872498132.94;29847059423.82;319526012.96;"2022-02-17T23:59:59.999Z"
"2022-02-16T00:00:00.000Z";"2022-02-16T23:59:59.999Z";"2022-02-16T00:01:00.000Z";"2022-02-16T16:16:00.000Z";"2781";104.9250384644;105.346340548;98.580372904;101.9329028968;1908954819.63;32541672669.6;319246011.3;"2022-02-16T23:59:59.999Z"
"2022-02-15T00:00:00.000Z";"2022-02-15T23:59:59.999Z";"2022-02-15T23:49:00.000Z";"2022-02-15T00:01:00.000Z";"2781";96.4374077317;105.2919745297;96.4332994456;104.8733046656;2134576043.72;33474369631.93;319188660.44;"2022-02-15T23:59:59.999Z"
"2022-02-14T00:00:00.000Z";"2022-02-14T23:59:59.999Z";"2022-02-14T16:52:00.000Z";"2022-02-14T01:52:00.000Z";"2781";93.1936891317;97.7417275016;91.2076945006;96.4332708444;1787236369.03;30767492261.56;319054741.09;"2022-02-14T23:59:59.999Z"
"2022-02-13T00:00:00.000Z";"2022-02-13T23:59:59.999Z";"2022-02-13T00:52:00.000Z";"2022-02-13T19:01:00.000Z";"2781";95.892587499;97.2062142426;91.8157082328;93.2441012952;1150014559.45;29629765453.55;317765574.89;"2022-02-13T23:59:59.999Z"
"2022-02-12T00:00:00.000Z";"2022-02-12T23:59:59.999Z";"2022-02-12T18:17:00.000Z";"2022-02-12T07:46:00.000Z";"2781";96.4014905162;99.5536608812;93.4986419494;95.9182050869;1722515979.15;30479311443.29;317763571.74;"2022-02-12T23:59:59.999Z"
"2022-02-11T00:00:00.000Z";"2022-02-11T23:59:59.999Z";"2022-02-11T14:10:00.000Z";"2022-02-11T22:56:00.000Z";"2781";106.2297673032;107.8453878489;95.6042897123;96.3818802153;2244853463.72;30613785508.22;317630092.29;"2022-02-11T23:59:59.999Z"
"2022-02-10T00:00:00.000Z";"2022-02-10T23:59:59.999Z";"2022-02-10T11:44:00.000Z";"2022-02-10T23:59:00.000Z";"2781";114.0216443135;114.7884219676;106.2028038954;106.2028038954;2534257400.07;33715605750.72;317464365.48;"2022-02-10T23:59:59.999Z"
"2022-02-09T00:00:00.000Z";"2022-02-09T23:59:59.999Z";"2022-02-09T13:14:00.000Z";"2022-02-09T05:22:00.000Z";"2781";113.5340323975;116.8273205273;109.9786529479;114.0193806671;1844036035.28;36197167002.57;317465037.88;"2022-02-09T23:59:59.999Z"
"2022-02-08T00:00:00.000Z";"2022-02-08T23:59:59.999Z";"2022-02-08T06:31:00.000Z";"2022-02-08T20:07:00.000Z";"2781";117.408912529;119.9695510301;110.2419441568;113.5954820084;2670414752.6;36047442124.76;317331653.4;"2022-02-08T23:59:59.999Z"
"2022-02-07T00:00:00.000Z";"2022-02-07T23:59:59.999Z";"2022-02-07T16:38:00.000Z";"2022-02-07T00:28:00.000Z";"2781";115.2761937672;121.5540308412;113.1404614501;117.3551504438;2501444983.48;37240734078.8;317333614.57;"2022-02-07T23:59:59.999Z"
"2022-02-06T00:00:00.000Z";"2022-02-06T23:59:59.999Z";"2022-02-06T10:07:00.000Z";"2022-02-06T15:13:00.000Z";"2781";113.9028255686;115.8664856048;112.186358163;115.2997578227;1488437091.46;36532195892.1;316845382.7;"2022-02-06T23:59:59.999Z"
"2022-02-05T00:00:00.000Z";"2022-02-05T23:59:59.999Z";"2022-02-05T06:31:00.000Z";"2022-02-05T01:55:00.000Z";"2781";112.2054819975;118.2131230788;110.5340646407;113.8943064756;2337469323.62;35923375177.26;315409753.91;"2022-02-05T23:59:59.999Z"
"2022-02-04T00:00:00.000Z";"2022-02-04T23:59:59.999Z";"2022-02-04T23:55:00.000Z";"2022-02-04T00:34:00.000Z";"2781";101.3409374133;112.410335251;100.6773717747;112.1742494472;3121470028.03;35380926661.26;315410415.81;"2022-02-04T23:59:59.999Z"
"2022-02-03T00:00:00.000Z";"2022-02-03T23:59:59.999Z";"2022-02-03T00:19:00.000Z";"2022-02-03T11:04:00.000Z";"2781";101.8281020375;102.6684631644;94.6353167577;101.459040447;2618951519.27;31947820324.83;314883919.5;"2022-02-03T23:59:59.999Z"
"2022-02-02T00:00:00.000Z";"2022-02-02T23:59:59.999Z";"2022-02-02T13:08:00.000Z";"2022-02-02T22:22:00.000Z";"2781";110.019457652;111.9573689256;97.7355980293;101.8376036386;3297984784.15;32067089980.85;314884569.5;"2022-02-02T23:59:59.999Z"
"2022-02-01T00:00:00.000Z";"2022-02-01T23:59:59.999Z";"2022-02-01T17:05:00.000Z";"2022-02-01T00:02:00.000Z";"2781";99.7259416695;112.9801215267;99.4778615417;109.9789812436;3568466348.63;34630740596.89;314885082.63;"2022-02-01T23:59:59.999Z"
"2022-01-31T00:00:00.000Z";"2022-01-31T23:59:59.999Z";"2022-01-31T22:34:00.000Z";"2022-01-31T04:34:00.000Z";"2781";93.3011730681;100.725072319;89.5859916196;99.7388354995;1888454240.81;31427675610.77;315099684.63;"2022-01-31T23:59:59.999Z"
"2022-01-30T00:00:00.000Z";"2022-01-30T23:59:59.999Z";"2022-01-30T07:14:00.000Z";"2022-01-30T20:07:00.000Z";"2781";96.249000941;97.2983261326;91.707025161;93.2976734186;1110338980.55;29398127131.31;315100324.09;"2022-01-30T23:59:59.999Z"
"2022-01-29T00:00:00.000Z";"2022-01-29T23:59:59.999Z";"2022-01-29T13:49:00.000Z";"2022-01-29T02:52:00.000Z";"2781";91.3546947602;98.6110469141;90.9638011513;96.223490532;1727329991.95;30320117871.33;315100997.73;"2022-01-29T23:59:59.999Z"
"2022-01-28T00:00:00.000Z";"2022-01-28T23:59:59.999Z";"2022-01-28T06:11:00.000Z";"2022-01-28T12:52:00.000Z";"2781";89.5290929232;93.3646719191;87.574240751;91.3128928651;2156098048.54;28760488350.73;314966347.56;"2022-01-28T23:59:59.999Z"
"2022-01-27T00:00:00.000Z";"2022-01-27T23:59:59.999Z";"2022-01-27T15:13:00.000Z";"2022-01-27T22:16:00.000Z";"2781";92.2180531888;94.059993821;86.1860358356;89.6324941648;2513945821.94;28231276793.03;314966988.88;"2022-01-27T23:59:59.999Z"
"2022-01-26T00:00:00.000Z";"2022-01-26T23:59:59.999Z";"2022-01-26T19:10:00.000Z";"2022-01-26T22:16:00.000Z";"2781";94.7188307615;103.7215548962;89.8075528646;92.2380478681;3177186515.06;29051998871.21;314967625;"2022-01-26T23:59:59.999Z"
"2022-01-25T00:00:00.000Z";"2022-01-25T23:59:59.999Z";"2022-01-25T19:02:00.000Z";"2022-01-25T05:01:00.000Z";"2781";91.6601561919;99.7012317149;87.7571269164;94.7203499599;2842652331.84;29821092633.51;314833007.33;"2022-01-25T23:59:59.999Z"
"2022-01-24T00:00:00.000Z";"2022-01-24T23:59:59.999Z";"2022-01-24T00:01:00.000Z";"2022-01-24T14:14:00.000Z";"2781";99.6175174931;99.7705180978;81.2260507578;91.6501647758;4664539688.47;28841432696.05;314690462;"2022-01-24T23:59:59.999Z"
"2022-01-23T00:00:00.000Z";"2022-01-23T23:59:59.999Z";"2022-01-23T09:37:00.000Z";"2022-01-23T03:28:00.000Z";"2781";94.3076005193;104.519203848;93.5934806079;99.5782209122;2548191912.14;31336377846.28;314691079.63;"2022-01-23T23:59:59.999Z"
"2022-01-22T00:00:00.000Z";"2022-01-22T23:59:59.999Z";"2022-01-22T00:04:00.000Z";"2022-01-22T19:28:00.000Z";"2781";111.9765411553;113.5876783857;89.2871522774;94.1783693259;4039466375.86;29621569901.63;314526256.01;"2022-01-22T23:59:59.999Z"
"2022-01-21T00:00:00.000Z";"2022-01-21T23:59:59.999Z";"2022-01-21T00:46:00.000Z";"2022-01-21T22:54:00.000Z";"2781";127.3333352625;128.4328614968;107.9089990084;111.9660599145;3771688473.37;35215581863.4;314520149.14;"2022-01-21T23:59:59.999Z"
"2022-01-20T00:00:00.000Z";"2022-01-20T23:59:59.999Z";"2022-01-20T16:07:00.000Z";"2022-01-20T23:58:00.000Z";"2781";135.7913331212;143.6174028988;127.1740441822;127.2052858747;984099352.02;40002152189.39;314469260.57;"2022-01-20T23:59:59.999Z"
"2022-01-19T00:00:00.000Z";"2022-01-19T23:59:59.999Z";"2022-01-19T01:53:00.000Z";"2022-01-19T08:37:00.000Z";"2781";141.5469956019;142.294079224;133.3551758175;135.792387636;1444663455.81;42659386705.75;314151532.71;"2022-01-19T23:59:59.999Z"
"2022-01-18T00:00:00.000Z";"2022-01-18T23:59:59.999Z";"2022-01-18T23:43:00.000Z";"2022-01-18T14:38:00.000Z";"2781";139.9327739193;142.466486224;134.8958053052;141.587192391;1449435941.77;44479908451.96;314152062.07;"2022-01-18T23:59:59.999Z"
"2022-01-17T00:00:00.000Z";"2022-01-17T23:59:59.999Z";"2022-01-17T00:08:00.000Z";"2022-01-17T21:52:00.000Z";"2781";147.8767858629;148.2058779828;137.5000315312;139.9260081211;1487772250.02;43958119358.99;314152600.72;"2022-01-17T23:59:59.999Z"
"2022-01-16T00:00:00.000Z";"2022-01-16T23:59:59.999Z";"2022-01-16T14:46:00.000Z";"2022-01-16T03:17:00.000Z";"2781";147.7866078105;151.7723443022;146.4017864425;147.8565135597;1172854751.03;46428403266.76;314009860.97;"2022-01-16T23:59:59.999Z"
"2022-01-15T00:00:00.000Z";"2022-01-15T23:59:59.999Z";"2022-01-15T20:36:00.000Z";"2022-01-15T12:54:00.000Z";"2781";146.180020558;149.3501902111;144.4191455729;147.8011778579;1123271783.98;46411116637.6;314010465.34;"2022-01-15T23:59:59.999Z"
"2022-01-14T00:00:00.000Z";"2022-01-14T23:59:59.999Z";"2022-01-14T06:34:00.000Z";"2022-01-14T11:35:00.000Z";"2781";146.0259047398;150.4694894497;142.3906895832;146.1590329041;1822320950.75;45895557120.56;314011089.21;"2022-01-14T23:59:59.999Z"
"2022-01-13T00:00:00.000Z";"2022-01-13T23:59:59.999Z";"2022-01-13T14:46:00.000Z";"2022-01-13T23:59:00.000Z";"2781";151.6905971048;157.5437260525;146.0100424048;146.0100424048;2177023564.12;45522685149.78;311777768.16;"2022-01-13T23:59:59.999Z"
"2022-01-12T00:00:00.000Z";"2022-01-12T23:59:59.999Z";"2022-01-12T21:28:00.000Z";"2022-01-12T07:29:00.000Z";"2781";140.2037544554;152.9364801433;138.5462643797;151.7031046495;2242337549.56;47297750723.43;311778396.58;"2022-01-12T23:59:59.999Z"
"2022-01-11T00:00:00.000Z";"2022-01-11T23:59:59.999Z";"2022-01-11T18:49:00.000Z";"2022-01-11T01:16:00.000Z";"2781";135.9409091491;143.2990441907;134.1339765208;140.1838569277;1554197313.98;43687287951.14;311642787.61;"2022-01-11T23:59:59.999Z"
"2022-01-10T00:00:00.000Z";"2022-01-10T23:59:59.999Z";"2022-01-10T07:10:00.000Z";"2022-01-10T14:37:00.000Z";"2781";140.8336292858;143.5633626802;130.7969937487;135.9549436416;2040883379.4;42328403946.82;311341410.71;"2022-01-10T23:59:59.999Z"
"2022-01-09T00:00:00.000Z";"2022-01-09T23:59:59.999Z";"2022-01-09T19:31:00.000Z";"2022-01-09T10:19:00.000Z";"2781";142.5431170524;145.4404159674;138.3941011325;140.8390115356;1599123911.69;43849094270.11;311341962.66;"2022-01-09T23:59:59.999Z"
"2022-01-08T00:00:00.000Z";"2022-01-08T23:59:59.999Z";"2022-01-08T10:40:00.000Z";"2022-01-08T19:25:00.000Z";"2781";136.4001615591;147.8373059461;134.0210160986;142.5134564693;2730000333.42;44370497800.92;311342513.89;"2022-01-08T23:59:59.999Z"
"2022-01-07T00:00:00.000Z";"2022-01-07T23:59:59.999Z";"2022-01-07T00:04:00.000Z";"2022-01-07T16:22:00.000Z";"2781";150.4134064842;150.5209536161;135.149998669;136.4028163729;2926269671.99;42449507269.48;311206970.63;"2022-01-07T23:59:59.999Z"
"2022-01-06T00:00:00.000Z";"2022-01-06T23:59:59.999Z";"2022-01-06T00:00:00.000Z";"2022-01-06T12:31:00.000Z";"2781";155.1059211479;155.1059211479;146.6676618652;150.4313573187;2097172620.16;46546249337.82;309418529.27;"2022-01-06T23:59:59.999Z"
"2022-01-05T00:00:00.000Z";"2022-01-05T23:59:59.999Z";"2022-01-05T10:10:00.000Z";"2022-01-05T22:37:00.000Z";"2781";167.9403321338;171.1104610858;148.2161047063;155.0997327334;2123759720.64;47990806949.28;309419017.71;"2022-01-05T23:59:59.999Z"
"2022-01-04T00:00:00.000Z";"2022-01-04T23:59:59.999Z";"2022-01-04T15:11:00.000Z";"2022-01-04T05:04:00.000Z";"2781";170.2861155421;173.7351066117;166.7401238688;167.938905513;1499265336.01;51940766392.62;309283701.91;"2022-01-04T23:59:59.999Z"
"2022-01-03T00:00:00.000Z";"2022-01-03T23:59:59.999Z";"2022-01-03T00:00:00.000Z";"2022-01-03T20:46:00.000Z";"2781";176.3863054579;176.3863054579;167.5339795658;170.2977466191;1345778058.3;52670374804.04;309284038.4;"2022-01-03T23:59:59.999Z"
"2022-01-02T00:00:00.000Z";"2022-01-02T23:59:59.999Z";"2022-01-02T00:43:00.000Z";"2022-01-02T08:13:00.000Z";"2781";178.5324156172;179.4323508491;175.0123163519;176.3828413184;995389409.2;54552495291.77;309284593.01;"2022-01-02T23:59:59.999Z"
"2022-01-01T00:00:00.000Z";"2022-01-01T23:59:59.999Z";"2022-01-01T20:37:00.000Z";"2022-01-01T00:01:00.000Z";"2781";170.3108385232;178.9622459889;170.1955418902;178.5179405616;1084780602.67;55188725653.37;309149464.08;"2022-01-01T23:59:59.999Z"
"2021-12-31T00:00:00.000Z";"2021-12-31T23:59:59.999Z";"2021-12-31T09:13:00.000Z";"2021-12-31T20:01:00.000Z";"2781";172.7038423419;177.3570431689;168.312074491;170.2990674147;1567918819.5;52704777818.62;309483654.95;"2021-12-31T23:59:59.999Z"
"2021-12-30T00:00:00.000Z";"2021-12-30T23:59:59.999Z";"2021-12-30T12:28:13.000Z";"2021-12-30T03:29:06.000Z";"2781";170.7647837649;175.6911657676;168.3984819094;172.7511931436;1540637868.82;53463776631.16;309484268.43;"2021-12-30T23:59:59.999Z"
"2021-12-29T00:00:00.000Z";"2021-12-29T23:59:59.999Z";"2021-12-29T03:12:06.000Z";"2021-12-29T23:22:14.000Z";"2781";177.3890451484;180.5907773364;170.4434126536;170.657559589;2175731145.71;52792756553.19;309349065.35;"2021-12-29T23:59:59.999Z"
"2021-12-28T00:00:00.000Z";"2021-12-28T23:59:59.999Z";"2021-12-28T00:00:06.000Z";"2021-12-28T19:10:05.000Z";"2781";195.6216554502;195.6216554502;177.0403655937;177.4256227557;2826063568.47;54886552517.09;309349639.95;"2021-12-28T23:59:59.999Z"
"2021-12-27T00:00:00.000Z";"2021-12-27T23:59:59.999Z";"2021-12-27T17:36:05.000Z";"2021-12-27T09:08:05.000Z";"2781";197.8834091138;204.5785705624;195.1607972137;195.4294981464;1800094698.19;60402404760.01;309075166.92;"2021-12-27T23:59:59.999Z"
"2021-12-26T00:00:00.000Z";"2021-12-26T23:59:59.999Z";"2021-12-26T16:43:05.000Z";"2021-12-26T04:01:06.000Z";"2781";192.9205115057;200.6442018535;190.8236850856;198.0007279793;1971114647.24;61170181005.51;308939172.24;"2021-12-26T23:59:59.999Z"
"2021-12-25T00:00:00.000Z";"2021-12-25T23:59:59.999Z";"2021-12-25T02:02:05.000Z";"2021-12-25T11:03:06.000Z";"2781";190.5315972467;195.1492300036;189.032225277;193.1209310406;1443209768.9;59662757325.28;308939880.33;"2021-12-25T23:59:59.999Z"
"2021-12-24T00:00:00.000Z";"2021-12-24T23:59:59.999Z";"2021-12-24T16:16:06.000Z";"2021-12-24T15:05:05.000Z";"2781";190.1028623799;197.1577171295;185.0193785725;190.2731987762;2286837231.81;58757154429.9;308804155.33;"2021-12-24T23:59:59.999Z"
"2021-12-23T00:00:00.000Z";"2021-12-23T23:59:59.999Z";"2021-12-23T19:49:14.000Z";"2021-12-23T00:36:05.000Z";"2781";178.5027691935;193.2760397023;176.1164571114;190.0363190423;2191634326.35;58665132084.69;308704843.27;"2021-12-23T23:59:59.999Z"
"2021-12-22T00:00:00.000Z";"2021-12-22T23:59:59.999Z";"2021-12-22T08:41:05.000Z";"2021-12-22T23:45:05.000Z";"2781";179.8583394162;187.4734421276;177.4273415361;178.5971210226;1889229699.06;55091892244.03;308470214.57;"2021-12-22T23:59:59.999Z"
"2021-12-21T00:00:00.000Z";"2021-12-21T23:59:59.999Z";"2021-12-21T12:39:06.000Z";"2021-12-21T02:35:06.000Z";"2781";173.6943974002;182.4175072655;170.4906322137;180.0925523314;1821107817.59;55528846910.14;308335054.34;"2021-12-21T23:59:59.999Z"
"2021-12-20T00:00:00.000Z";"2021-12-20T23:59:59.999Z";"2021-12-20T01:14:06.000Z";"2021-12-20T14:22:15.000Z";"2781";179.9777356852;181.1532628745;168.6835185827;173.6717844915;1982986557.56;53549206661.84;308335673.63;"2021-12-20T23:59:59.999Z"
"2021-12-19T00:00:00.000Z";"2021-12-19T23:59:59.999Z";"2021-12-19T07:46:06.000Z";"2021-12-19T20:07:05.000Z";"2781";182.8509069468;189.2625378701;178.7550239046;180.0980518178;1678714066.28;55490684848.86;308113742.98;"2021-12-19T23:59:59.999Z"
"2021-12-18T00:00:00.000Z";"2021-12-18T23:59:59.999Z";"2021-12-18T22:36:06.000Z";"2021-12-18T02:06:05.000Z";"2781";175.656357615;184.3751810523;171.196563837;182.8351348412;1690397975.62;56309338311.97;307978761.09;"2021-12-18T23:59:59.999Z"
"2021-12-17T00:00:00.000Z";"2021-12-17T23:59:59.999Z";"2021-12-17T06:36:06.000Z";"2021-12-17T14:45:05.000Z";"2781";176.8949729767;182.3936306843;168.5187398529;175.5032945396;2711688386.35;54051400551.4;307979406.84;"2021-12-17T23:59:59.999Z"
"2021-12-16T00:00:00.000Z";"2021-12-16T23:59:59.999Z";"2021-12-16T14:24:05.000Z";"2021-12-16T05:59:05.000Z";"2781";178.591541309;188.8787098312;174.4509751068;176.9546610788;2766320568.56;54464842600.88;307789816.15;"2021-12-16T23:59:59.999Z"
"2021-12-15T00:00:00.000Z";"2021-12-15T23:59:59.999Z";"2021-12-15T20:57:05.000Z";"2021-12-15T16:01:06.000Z";"2781";161.3588974613;182.5131634367;157.6532129385;178.3407862663;3783787658.39;54891602839.72;307790517.18;"2021-12-15T23:59:59.999Z"
"2021-12-14T00:00:00.000Z";"2021-12-14T23:59:59.999Z";"2021-12-14T15:30:05.000Z";"2021-12-14T06:30:05.000Z";"2781";155.1416600259;161.6182722908;150.1179857027;153.3414386508;2604045117.1;47195656244.52;307781488.55;"2021-12-14T23:59:59.999Z"
"2021-12-13T00:00:00.000Z";"2021-12-13T23:59:59.999Z";"2021-12-13T00:00:06.000Z";"2021-12-13T19:42:05.000Z";"2781";173.0999312411;173.0999312411;148.5718217256;155.2130525552;2547597256.16;47750795299.2;307646776.56;"2021-12-13T23:59:59.999Z"
"2021-12-12T00:00:00.000Z";"2021-12-12T23:59:59.999Z";"2021-12-12T18:13:05.000Z";"2021-12-12T10:53:05.000Z";"2781";171.9483144519;176.6494079353;167.8612500156;173.4316648667;1196808539.97;53355770601.39;307647226.03;"2021-12-12T23:59:59.999Z"
"2021-12-11T00:00:00.000Z";"2021-12-11T23:59:59.999Z";"2021-12-11T16:29:06.000Z";"2021-12-11T00:21:05.000Z";"2781";167.9166196102;173.8984797674;161.8600076042;171.9494897549;1877844188.77;52899880536.66;307647790.13;"2021-12-11T23:59:59.999Z"
"2021-12-10T00:00:00.000Z";"2021-12-10T23:59:59.999Z";"2021-12-10T00:34:05.000Z";"2021-12-10T23:59:05.000Z";"2781";181.467566632;184.6894218208;167.9548291428;167.9548291428;2118266395.93;51620385025.81;307346834.2;"2021-12-10T23:59:59.999Z"
"2021-12-09T00:00:00.000Z";"2021-12-09T23:59:59.999Z";"2021-12-09T00:15:05.000Z";"2021-12-09T20:46:05.000Z";"2781";194.4832893085;196.6897480183;178.7921388771;181.1780889059;1968182103.95;55684626345.67;307347465.04;"2021-12-09T23:59:59.999Z"
"2021-12-08T00:00:00.000Z";"2021-12-08T23:59:59.999Z";"2021-12-08T15:24:05.000Z";"2021-12-08T11:04:05.000Z";"2781";190.5050106494;196.3741100653;184.1327062997;194.62170358;2277446202.81;59816592761.11;307348007.24;"2021-12-08T23:59:59.999Z"
"2021-12-07T00:00:00.000Z";"2021-12-07T23:59:59.999Z";"2021-12-07T08:59:05.000Z";"2021-12-07T23:13:05.000Z";"2781";194.2766006965;204.1185039303;188.2808114752;190.5969151093;2556849838.98;58553880777.85;307213161.05;"2021-12-07T23:59:59.999Z"
"2021-12-06T00:00:00.000Z";"2021-12-06T23:59:59.999Z";"2021-12-06T22:54:05.000Z";"2021-12-06T11:14:05.000Z";"2781";196.547478612;197.6630289477;176.8880570033;194.1992226282;3693853028.05;59381122509.23;305774254.43;"2021-12-06T23:59:59.999Z"
"2021-12-05T00:00:00.000Z";"2021-12-05T23:59:59.999Z";"2021-12-05T00:11:05.000Z";"2021-12-05T15:38:05.000Z";"2781";200.7806029592;204.6174824669;182.016816475;196.1682596866;3402591974.54;59983315118.45;305774824.2;"2021-12-05T23:59:59.999Z"
"2021-12-04T00:00:00.000Z";"2021-12-04T23:59:59.999Z";"2021-12-04T00:22:05.000Z";"2021-12-04T05:27:05.000Z";"2781";212.112381164;212.807534832;171.5535798554;201.1248371261;5949505664.69;61472001398.34;305641025.13;"2021-12-04T23:59:59.999Z"
"2021-12-03T00:00:00.000Z";"2021-12-03T23:59:59.999Z";"2021-12-03T13:36:05.000Z";"2021-12-03T20:21:05.000Z";"2781";233.6018937163;239.1220957184;207.329771779;211.2243932239;4061060881.16;64558936438.34;305641481.33;"2021-12-03T23:59:59.999Z"
"2021-12-02T00:00:00.000Z";"2021-12-02T23:59:59.999Z";"2021-12-02T22:13:05.000Z";"2021-12-02T03:21:40.000Z";"2781";229.8547007482;243.1116631924;220.3871721871;233.9930482677;4074103517.93;71518119084.14;305642067.63;"2021-12-02T23:59:59.999Z"
"2021-12-01T00:00:00.000Z";"2021-12-01T23:59:59.999Z";"2021-12-01T19:52:10.000Z";"2021-12-01T00:04:05.000Z";"2781";208.393162369;232.3862129967;208.1522654246;229.7992342857;3532771294.16;70205130263.47;305506371.6;"2021-12-01T23:59:59.999Z"
"2021-11-30T00:00:00.000Z";"2021-11-30T23:59:59.999Z";"2021-11-30T15:17:24.000Z";"2021-11-30T08:41:19.000Z";"2781";204.23294244;218.3393804254;200.0843326822;208.670985334;2888387657.07;63474034537.89;304182368.41;"2021-11-30T23:59:59.999Z"
"2021-11-29T00:00:00.000Z";"2021-11-29T23:59:59.999Z";"2021-11-29T17:22:12.000Z";"2021-11-29T00:21:05.000Z";"2781";200.8212717673;212.4458027384;199.9542952503;204.3193628183;2110532146.88;62150466026.05;304182947.56;"2021-11-29T23:59:59.999Z"
"2021-11-28T00:00:00.000Z";"2021-11-28T23:59:59.999Z";"2021-11-28T23:38:05.000Z";"2021-11-28T18:43:05.000Z";"2781";193.2756017295;201.628702204;182.3724543588;200.6766486079;2033215941.23;61015258055.83;304047623.27;"2021-11-28T23:59:59.999Z"
"2021-11-27T00:00:00.000Z";"2021-11-27T23:59:59.999Z";"2021-11-27T14:15:05.000Z";"2021-11-27T21:14:05.000Z";"2781";192.2835720479;199.3649919459;191.040538233;193.1021593455;1443178832.96;58712372882.27;304048246.18;"2021-11-27T23:59:59.999Z"
"2021-11-26T00:00:00.000Z";"2021-11-26T23:59:59.999Z";"2021-11-26T00:01:05.000Z";"2021-11-26T12:15:05.000Z";"2781";210.0482860793;210.5045795578;184.3282814912;191.5117488619;3380122748.03;58202794170.77;303912394.5;"2021-11-26T23:59:59.999Z"
"2021-11-25T00:00:00.000Z";"2021-11-25T23:59:59.999Z";"2021-11-25T17:49:04.000Z";"2021-11-25T09:28:04.000Z";"2781";205.8861673746;216.4005137532;202.3234142719;206.2529962028;2586718626.87;62683039784.88;303912956.21;"2021-11-25T23:59:59.999Z"
"2021-11-24T00:00:00.000Z";"2021-11-24T23:59:59.999Z";"2021-11-24T00:04:05.000Z";"2021-11-24T19:30:04.000Z";"2781";221.8606176503;222.4592717417;200.5026033994;214.9215416929;2293934141.62;65288283323.63;303913565.4;"2021-11-24T23:59:59.999Z"
"2021-11-23T00:00:00.000Z";"2021-11-23T23:59:59.999Z";"2021-11-23T21:14:06.000Z";"2021-11-23T12:54:05.000Z";"2781";215.8429594526;226.0617322341;211.3122316681;221.8369039027;2328763768.31;67389034177.97;303777383.26;"2021-11-23T23:59:59.999Z"
"2021-11-22T00:00:00.000Z";"2021-11-22T23:59:59.999Z";"2021-11-22T00:03:05.000Z";"2021-11-22T20:01:05.000Z";"2781";230.9896334112;231.9048213687;212.0300833625;215.7372763887;3254258844.49;65536232117.61;303777971.13;"2021-11-22T23:59:59.999Z"
"2021-11-21T00:00:00.000Z";"2021-11-21T23:59:59.999Z";"2021-11-21T21:45:05.000Z";"2021-11-21T14:07:05.000Z";"2781";217.7840243223;235.2309138161;210.8097372678;231.2826289441;2636480460.22;70258708496.89;303778579.56;"2021-11-21T23:59:59.999Z"
"2021-11-20T00:00:00.000Z";"2021-11-20T23:59:59.999Z";"2021-11-20T01:22:05.000Z";"2021-11-20T16:20:05.000Z";"2781";215.4069128421;221.4453370922;206.2858655932;218.0152752134;2003638941.05;66198655325.79;303642280.39;"2021-11-20T23:59:59.999Z"
"2021-11-19T00:00:00.000Z";"2021-11-19T23:59:59.999Z";"2021-11-19T17:47:05.000Z";"2021-11-19T03:45:05.000Z";"2781";195.0662826876;219.3670634581;189.7501678005;215.2800202934;3431624914.2;65368257587.92;303642936.76;"2021-11-19T23:59:59.999Z"
"2021-11-18T00:00:00.000Z";"2021-11-18T23:59:59.999Z";"2021-11-18T00:57:07.000Z";"2021-11-18T17:12:05.000Z";"2781";218.8755833395;222.8769395003;187.6731277287;195.4874107966;3911214657.72;59331802493.28;303507025.09;"2021-11-18T23:59:59.999Z"
"2021-11-17T00:00:00.000Z";"2021-11-17T23:59:59.999Z";"2021-11-17T12:10:05.000Z";"2021-11-17T10:37:05.000Z";"2781";219.2956328443;222.0288392401;210.0269415885;218.7152397948;2982505238.8;66373496997.63;303469923.08;"2021-11-17T23:59:59.999Z"
"2021-11-16T00:00:00.000Z";"2021-11-16T23:59:59.999Z";"2021-11-16T00:00:05.000Z";"2021-11-16T10:14:05.000Z";"2781";238.4971511308;238.4971511308;215.4420877623;219.2390336095;3557977024.44;66531928023.89;303467530.07;"2021-11-16T23:59:59.999Z"
"2021-11-15T00:00:00.000Z";"2021-11-15T23:59:59.999Z";"2021-11-15T12:26:05.000Z";"2021-11-15T21:03:05.000Z";"2781";238.7314050357;245.9760983866;235.0991040594;237.553601846;2414551003.2;72029066275.99;303211846.57;"2021-11-15T23:59:59.999Z"
"2021-11-14T00:00:00.000Z";"2021-11-14T23:59:59.999Z";"2021-11-14T00:01:05.000Z";"2021-11-14T17:11:05.000Z";"2781";241.8621076311;242.0448854624;230.6894038627;238.4255237066;1705211599.76;72293544193.72;303212269.68;"2021-11-14T23:59:59.999Z"
"2021-11-13T00:00:00.000Z";"2021-11-13T23:59:59.999Z";"2021-11-13T23:59:05.000Z";"2021-11-13T09:53:05.000Z";"2781";228.5962494334;241.8250245783;225.0759282287;241.8250245783;2322796264.93;73293750860.85;303085881.99;"2021-11-13T23:59:59.999Z"
"2021-11-12T00:00:00.000Z";"2021-11-12T23:59:59.999Z";"2021-11-12T02:14:05.000Z";"2021-11-12T16:46:05.000Z";"2781";233.7212746984;238.6956797845;221.2529516239;228.5020970422;3022054714.32;69224723049.23;302950055.8;"2021-11-12T23:59:59.999Z"
"2021-11-11T00:00:00.000Z";"2021-11-11T23:59:59.999Z";"2021-11-11T07:47:05.000Z";"2021-11-11T00:24:05.000Z";"2781";233.9139897011;246.4471918955;229.7485257285;234.2407495987;2693456861.98;70963380125.26;302950619.17;"2021-11-11T23:59:59.999Z"
"2021-11-10T00:00:00.000Z";"2021-11-10T23:59:59.999Z";"2021-11-10T15:42:04.000Z";"2021-11-10T21:25:04.000Z";"2781";239.1337451971;247.947041432;218.3885541433;233.7795185005;3873202097.64;70752977716.34;302648316.54;"2021-11-10T23:59:59.999Z"
"2021-11-09T00:00:00.000Z";"2021-11-09T23:59:59.999Z";"2021-11-09T00:08:05.000Z";"2021-11-09T15:08:04.000Z";"2781";248.3568409074;253.1798306793;237.8952873789;239.2131383873;2819309492.23;72397587680.03;302648876.93;"2021-11-09T23:59:59.999Z"
"2021-11-08T00:00:00.000Z";"2021-11-08T23:59:59.999Z";"2021-11-08T16:20:05.000Z";"2021-11-08T01:46:04.000Z";"2781";249.9792678805;253.2541747738;241.1401332255;248.4671783625;3344410176.09;75198457438.49;302649460.32;"2021-11-08T23:59:59.999Z"
"2021-11-07T00:00:00.000Z";"2021-11-07T23:59:59.999Z";"2021-11-07T06:33:05.000Z";"2021-11-07T20:10:05.000Z";"2781";258.7815682936;258.8500987536;246.1224274245;249.8234829541;2624869522.47;75574730064.5;302512514.72;"2021-11-07T23:59:59.999Z"
"2021-11-06T00:00:00.000Z";"2021-11-06T23:59:59.999Z";"2021-11-06T21:47:05.000Z";"2021-11-06T00:08:05.000Z";"2781";236.4927530586;260.0621175974;235.2899670063;258.9343120927;3869779682.79;77993805663.19;301210778.26;"2021-11-06T23:59:59.999Z"
"2021-11-05T00:00:00.000Z";"2021-11-05T23:59:59.999Z";"2021-11-05T00:01:05.000Z";"2021-11-05T15:10:05.000Z";"2781";247.2709367217;248.3839151614;231.1608047595;236.4743343693;2752870912.52;71196323358.43;301074209.8;"2021-11-05T23:59:59.999Z"
"2021-11-04T00:00:00.000Z";"2021-11-04T23:59:59.999Z";"2021-11-04T23:21:04.000Z";"2021-11-04T16:09:04.000Z";"2781";243.0978052115;250.4663372822;235.1508811242;247.3877778365;4440296289.58;74482231057.97;301074821.52;"2021-11-04T23:59:59.999Z"
"2021-11-03T00:00:00.000Z";"2021-11-03T23:59:59.999Z";"2021-11-03T21:31:05.000Z";"2021-11-03T00:25:05.000Z";"2781";221.0767495977;246.3215358513;216.1961966259;242.8988145026;6024951132.42;73130864696.12;301075428.65;"2021-11-03T23:59:59.999Z"
"2021-11-02T00:00:00.000Z";"2021-11-02T23:59:59.999Z";"2021-11-02T23:54:04.000Z";"2021-11-02T01:06:04.000Z";"2781";203.5179214339;222.2330257283;201.1803935304;220.2395873664;3020087232.15;66278399298.22;300937720.1;"2021-11-02T23:59:59.999Z"
"2021-11-01T00:00:00.000Z";"2021-11-01T23:59:59.999Z";"2021-11-01T08:10:04.000Z";"2021-11-01T04:10:05.000Z";"2781";202.6292116026;211.3608469168;198.2389708419;203.5450843659;3157612663.38;61255124966.6;300941313.11;"2021-11-01T23:59:59.999Z"
"2021-10-31T00:00:00.000Z";"2021-10-31T23:59:59.999Z";"2021-10-31T21:39:04.000Z";"2021-10-31T13:37:05.000Z";"2781";195.7737660677;205.1633802628;186.062989678;202.4210134083;2577364485.82;61003141449.57;301367631.86;"2021-10-31T23:59:59.999Z"
"2021-10-30T00:00:00.000Z";"2021-10-30T23:59:59.999Z";"2021-10-30T00:01:05.000Z";"2021-10-30T22:37:05.000Z";"2781";200.2257298034;200.3862244358;187.8165803365;195.4160579354;1732207667.31;58865399787.94;301231129.16;"2021-10-30T23:59:59.999Z"
"2021-10-29T00:00:00.000Z";"2021-10-29T23:59:59.999Z";"2021-10-29T02:16:04.000Z";"2021-10-29T00:00:05.000Z";"2781";194.9064314701;204.8966127235;194.9064314701;200.182747168;2468703579;60301394603.67;301231726.79;"2021-10-29T23:59:59.999Z"
"2021-10-28T00:00:00.000Z";"2021-10-28T23:59:59.999Z";"2021-10-28T14:16:05.000Z";"2021-10-28T00:59:05.000Z";"2781";184.5157057275;201.0453565091;182.2175299122;194.863984537;3463958628.24;58672510570.23;301094687.71;"2021-10-28T23:59:59.999Z"
"2021-10-27T00:00:00.000Z";"2021-10-27T23:59:59.999Z";"2021-10-27T04:27:04.000Z";"2021-10-27T08:10:05.000Z";"2781";199.8744874928;205.4047421311;178.7308614555;183.7745991002;4552692841.85;55333662363.87;301095269.07;"2021-10-27T23:59:59.999Z"
"2021-10-26T00:00:00.000Z";"2021-10-26T23:59:59.999Z";"2021-10-26T00:40:05.000Z";"2021-10-26T22:57:04.000Z";"2781";209.5316437409;213.9828710011;197.4866440882;199.8072567092;3194205751.56;60161132950.26;301095835.76;"2021-10-26T23:59:59.999Z"
"2021-10-25T00:00:00.000Z";"2021-10-25T23:59:59.999Z";"2021-10-25T16:00:05.000Z";"2021-10-25T00:23:05.000Z";"2781";202.3164890462;218.7318834509;198.2024335227;210.1042931598;4837376169.15;63232871503.93;300959445.2;"2021-10-25T23:59:59.999Z"
"2021-10-24T00:00:00.000Z";"2021-10-24T23:59:59.999Z";"2021-10-24T22:32:05.000Z";"2021-10-24T16:07:05.000Z";"2781";197.9731130835;204.7191063322;185.572441469;202.3619831407;3413057377.52;60902871289.69;300960043.7;"2021-10-24T23:59:59.999Z"
"2021-10-23T00:00:00.000Z";"2021-10-23T23:59:59.999Z";"2021-10-23T04:23:05.000Z";"2021-10-23T00:16:05.000Z";"2781";196.3004696124;205.6698697199;192.5627547051;197.7038513661;3253670285.69;59473993982.71;300823648.97;"2021-10-23T23:59:59.999Z"
"2021-10-22T00:00:00.000Z";"2021-10-22T23:59:59.999Z";"2021-10-22T15:06:04.000Z";"2021-10-22T00:14:04.000Z";"2781";190.454890463;214.0444499241;188.273616541;196.4315352;7486821305.52;59091364718.46;300824226.92;"2021-10-22T23:59:59.999Z"
"2021-10-21T00:00:00.000Z";"2021-10-21T23:59:59.999Z";"2021-10-21T11:31:05.000Z";"2021-10-21T00:00:05.000Z";"2781";176.7655535105;193.5991485817;176.7655535105;190.3184365058;6865815461.45;57226164606.39;300686395.17;"2021-10-21T23:59:59.999Z"
"2021-10-20T00:00:00.000Z";"2021-10-20T23:59:59.999Z";"2021-10-20T23:58:04.000Z";"2021-10-20T05:52:04.000Z";"2781";155.8833939374;176.4406756637;155.1998474949;175.9468707403;3315306825.49;52904574749.84;300684942.72;"2021-10-20T23:59:59.999Z"
"2021-10-19T00:00:00.000Z";"2021-10-19T23:59:59.999Z";"2021-10-19T04:29:04.000Z";"2021-10-19T20:49:05.000Z";"2781";157.2102079997;159.4058614269;153.2210095351;156.0170317125;1400902548.44;46912067427.29;300685552.8;"2021-10-19T23:59:59.999Z"
"2021-10-18T00:00:00.000Z";"2021-10-18T23:59:59.999Z";"2021-10-18T01:44:04.000Z";"2021-10-18T18:13:04.000Z";"2781";159.9974865496;162.8562731476;155.0302318833;157.2312709128;1698878759.32;47254003671.84;300538203.36;"2021-10-18T23:59:59.999Z"
"2021-10-17T00:00:00.000Z";"2021-10-17T23:59:59.999Z";"2021-10-17T08:42:05.000Z";"2021-10-17T20:23:04.000Z";"2781";157.4635549581;167.4259881907;154.0903507591;159.7437977507;2168838138.18;47991515199.99;300428034.61;"2021-10-17T23:59:59.999Z"
"2021-10-16T00:00:00.000Z";"2021-10-16T23:59:59.999Z";"2021-10-16T10:30:04.000Z";"2021-10-16T21:57:04.000Z";"2781";163.0070342305;164.7137184252;156.7375582532;157.5388167576;1531502794.96;47304541726.99;300272292.89;"2021-10-16T23:59:59.999Z"
"2021-10-15T00:00:00.000Z";"2021-10-15T23:59:59.999Z";"2021-10-15T08:22:05.000Z";"2021-10-15T01:20:04.000Z";"2781";150.0466014651;165.1222058333;146.9848279301;162.5962098262;3970589002.83;48823235027.52;300272897.38;"2021-10-15T23:59:59.999Z"
"2021-10-14T00:00:00.000Z";"2021-10-14T23:59:59.999Z";"2021-10-14T14:20:05.000Z";"2021-10-14T00:59:05.000Z";"2781";148.0172659471;155.3297408659;147.3309370464;149.7568061256;1948101207.59;44950465986.4;300156414.59;"2021-10-14T23:59:59.999Z"
"2021-10-13T00:00:00.000Z";"2021-10-13T23:59:59.999Z";"2021-10-13T00:22:05.000Z";"2021-10-13T14:02:04.000Z";"2781";152.5239291266;155.3479890582;144.4078715745;148.1760345865;2105226551.13;44438380256.27;299902615.02;"2021-10-13T23:59:59.999Z"
"2021-10-12T00:00:00.000Z";"2021-10-12T23:59:59.999Z";"2021-10-12T19:20:05.000Z";"2021-10-12T12:56:05.000Z";"2781";145.0076607131;153.2639713922;137.8115658786;152.7371185712;2853992440.28;45806350192.39;299903197.21;"2021-10-12T23:59:59.999Z"
"2021-10-11T00:00:00.000Z";"2021-10-11T23:59:59.999Z";"2021-10-11T08:20:05.000Z";"2021-10-11T21:08:05.000Z";"2781";147.8004478892;153.9211411433;140.3639719689;144.8581404787;1851795187.08;43418344986.26;299730100.38;"2021-10-11T23:59:59.999Z"
"2021-10-10T00:00:00.000Z";"2021-10-10T23:59:59.999Z";"2021-10-10T09:07:05.000Z";"2021-10-10T21:18:04.000Z";"2781";156.7519211266;158.3615759984;146.8982403368;148.0487124306;1556965340.96;44350090749.45;299564177.37;"2021-10-10T23:59:59.999Z"
"2021-10-09T00:00:00.000Z";"2021-10-09T23:59:59.999Z";"2021-10-09T05:08:04.000Z";"2021-10-09T20:16:05.000Z";"2781";158.7047001419;161.4073206977;154.8697895225;156.8258370326;1522023823.9;46957713349.71;299425874.19;"2021-10-09T23:59:59.999Z"
"2021-10-08T00:00:00.000Z";"2021-10-08T23:59:59.999Z";"2021-10-08T15:10:05.000Z";"2021-10-08T05:08:04.000Z";"2781";154.2565518061;168.8463737765;152.7557693244;158.9492063189;2781848649.82;47593592988.14;299426427.41;"2021-10-08T23:59:59.999Z"
"2021-10-07T00:00:00.000Z";"2021-10-07T23:59:59.999Z";"2021-10-07T12:21:04.000Z";"2021-10-07T01:35:04.000Z";"2781";153.9611557359;161.3629887506;150.5420318179;154.2811953007;2579187255.81;45995023049.22;298124622.12;"2021-10-07T23:59:59.999Z"
"2021-10-06T00:00:00.000Z";"2021-10-06T23:59:59.999Z";"2021-10-06T00:32:04.000Z";"2021-10-06T09:05:04.000Z";"2781";164.6051973193;165.3619877625;150.7683769149;154.1077478394;3259712886.76;45922341980.28;297988534.8;"2021-10-06T23:59:59.999Z"
"2021-10-05T00:00:00.000Z";"2021-10-05T23:59:59.999Z";"2021-10-05T01:03:04.000Z";"2021-10-05T16:30:04.000Z";"2781";166.9949621814;169.9793733157;160.5931586428;164.1158280332;2541087419.2;48902559643.88;297975888.31;"2021-10-05T23:59:59.999Z"
"2021-10-04T00:00:00.000Z";"2021-10-04T23:59:59.999Z";"2021-10-04T00:00:04.000Z";"2021-10-04T15:03:04.000Z";"2781";172.9616171323;172.9616171323;162.7733375205;166.7319129674;3109040100.42;49659370563.36;297839625.78;"2021-10-04T23:59:59.999Z"
"2021-10-03T00:00:00.000Z";"2021-10-03T23:59:59.999Z";"2021-10-03T13:47:04.000Z";"2021-10-03T00:51:04.000Z";"2781";169.1137136075;176.9703317313;166.0700134809;172.5891589166;3149579954.08;51403969858.99;297840085.56;"2021-10-03T23:59:59.999Z"
"2021-10-02T00:00:00.000Z";"2021-10-02T23:59:59.999Z";"2021-10-02T19:49:04.000Z";"2021-10-02T03:54:04.000Z";"2781";161.5943875445;174.9006960287;156.3223482767;169.0930197849;3471658581.61;50362758463.23;297840552.66;"2021-10-02T23:59:59.999Z"
"2021-10-01T00:00:00.000Z";"2021-10-01T23:59:59.999Z";"2021-10-01T18:26:04.000Z";"2021-10-01T03:28:04.000Z";"2781";141.3829162862;164.7375430245;138.4369378247;161.6823720767;4387488319.89;48133442239.45;297703711.43;"2021-10-01T23:59:59.999Z"
"2021-09-30T00:00:00.000Z";"2021-09-30T23:59:59.999Z";"2021-09-30T19:03:04.000Z";"2021-09-30T08:40:04.000Z";"2781";135.4128955083;142.8531720417;134.3132582789;141.06904455;2244376110.09;41975552359.31;297553247.72;"2021-09-30T23:59:59.999Z"
"2021-09-29T00:00:00.000Z";"2021-09-29T23:59:59.999Z";"2021-09-29T12:02:04.000Z";"2021-09-29T20:18:04.000Z";"2781";132.3385236126;140.0381731327;131.2336819326;135.3514508784;2428105039.64;40274326399.43;297553710.27;"2021-09-29T23:59:59.999Z"
"2021-09-28T00:00:00.000Z";"2021-09-28T23:59:59.999Z";"2021-09-28T04:21:05.000Z";"2021-09-28T18:11:04.000Z";"2781";136.5089122895;139.2943511936;128.2448233646;131.5372113463;2422542860.99;39121381241.42;297416836.2;"2021-09-28T23:59:59.999Z"
"2021-09-27T00:00:00.000Z";"2021-09-27T23:59:59.999Z";"2021-09-27T11:02:05.000Z";"2021-09-27T00:21:05.000Z";"2781";135.9313634987;148.4978337842;133.9842797056;136.7284312615;2867246888.12;40665406680.26;297417342.57;"2021-09-27T23:59:59.999Z"
"2021-09-26T00:00:00.000Z";"2021-09-26T23:59:59.999Z";"2021-09-26T16:02:05.000Z";"2021-09-26T07:52:05.000Z";"2781";136.2161575037;140.7817783109;125.11542667;135.6993762431;2674182808.76;40359412132.89;297417816.13;"2021-09-26T23:59:59.999Z"
"2021-09-25T00:00:00.000Z";"2021-09-25T23:59:59.999Z";"2021-09-25T06:53:04.000Z";"2021-09-25T21:23:05.000Z";"2781";139.2965599056;144.0725566412;134.1077605448;136.178927749;2037106948.63;40483409213.9;297281010.23;"2021-09-25T23:59:59.999Z"
"2021-09-24T00:00:00.000Z";"2021-09-24T23:59:59.999Z";"2021-09-24T00:31:05.000Z";"2021-09-24T11:18:05.000Z";"2781";149.9354721315;151.2018991664;128.8013098338;139.3956404566;3852350632.01;41439741431.76;297281473.77;"2021-09-24T23:59:59.999Z"
"2021-09-23T00:00:00.000Z";"2021-09-23T23:59:59.999Z";"2021-09-23T08:31:05.000Z";"2021-09-23T11:52:05.000Z";"2781";148.0551631719;152.3649925646;143.2012711497;149.7535713854;3389212043.71;44498459172.56;297144560.63;"2021-09-23T23:59:59.999Z"
"2021-09-22T00:00:00.000Z";"2021-09-22T23:59:59.999Z";"2021-09-22T18:23:07.000Z";"2021-09-22T00:47:04.000Z";"2781";124.1774527015;150.9415082149;122.3491619361;147.9242615068;4952222858.98;43948674199.42;297102542.56;"2021-09-22T23:59:59.999Z"
"2021-09-21T00:00:00.000Z";"2021-09-21T23:59:59.999Z";"2021-09-21T08:46:26.000Z";"2021-09-21T21:19:07.000Z";"2781";132.7623134439;144.468449218;116.3432036854;123.9503920507;5243953819.45;36826034434.14;297103008.91;"2021-09-21T23:59:59.999Z"
"2021-09-20T00:00:00.000Z";"2021-09-20T23:59:59.999Z";"2021-09-20T00:02:04.000Z";"2021-09-20T12:39:04.000Z";"2781";152.7944802383;153.3876679079;131.2610266672;132.134466234;5623667249.62;39239569157.84;296966947.96;"2021-09-20T23:59:59.999Z"
"2021-09-19T00:00:00.000Z";"2021-09-19T23:59:59.999Z";"2021-09-19T00:19:04.000Z";"2021-09-19T22:47:04.000Z";"2781";169.2263314235;170.6521120223;151.2509832353;152.5166971972;3350530307.68;45292491129.39;296967426.92;"2021-09-19T23:59:59.999Z"
"2021-09-18T00:00:00.000Z";"2021-09-18T23:59:59.999Z";"2021-09-18T23:36:04.000Z";"2021-09-18T04:05:04.000Z";"2781";147.4487620108;171.1427807804;144.3922582953;169.1842226072;5415012910.47;50219084923.96;296830780.97;"2021-09-18T23:59:59.999Z"
"2021-09-17T00:00:00.000Z";"2021-09-17T23:59:59.999Z";"2021-09-17T00:18:04.000Z";"2021-09-17T10:48:04.000Z";"2781";152.3514430001;153.4449300519;135.2452167333;147.59306974;4675731485.32;43810237550.64;296831264.69;"2021-09-17T23:59:59.999Z"
"2021-09-16T00:00:00.000Z";"2021-09-16T23:59:59.999Z";"2021-09-16T07:20:04.000Z";"2021-09-16T20:53:04.000Z";"2781";158.8072770888;163.122836953;147.6532790202;152.4740533076;3215168471.67;45259139924.99;296831749.03;"2021-09-16T23:59:59.999Z"
"2021-09-15T00:00:00.000Z";"2021-09-15T23:59:59.999Z";"2021-09-15T06:19:04.000Z";"2021-09-15T04:08:04.000Z";"2781";158.4154372746;166.1752928766;154.2395461304;159.1173831812;3908939772.47;47209150397.35;296693858.67;"2021-09-15T23:59:59.999Z"
"2021-09-14T00:00:00.000Z";"2021-09-14T23:59:59.999Z";"2021-09-14T00:16:04.000Z";"2021-09-14T21:30:04.000Z";"2781";169.7745204185;171.3011647932;143.5531162621;158.094812744;5799758794.22;46905809822.7;296694173.63;"2021-09-14T23:59:59.999Z"
"2021-09-13T00:00:00.000Z";"2021-09-13T23:59:59.999Z";"2021-09-13T21:34:04.000Z";"2021-09-13T08:19:04.000Z";"2781";174.41845897;174.9318728381;150.97441415;169.2695504949;6437530449.36;49682465101.01;293510941.31;"2021-09-13T23:59:59.999Z"
"2021-09-12T00:00:00.000Z";"2021-09-12T23:59:59.999Z";"2021-09-12T08:43:04.000Z";"2021-09-12T21:01:04.000Z";"2781";179.23015873;181.568249;170.58459747;174.53762157;3012633093.73;51204891389.06;293374522.52;"2021-09-12T23:59:59.999Z"
"2021-09-11T00:00:00.000Z";"2021-09-11T23:59:59.999Z";"2021-09-11T02:07:04.000Z";"2021-09-11T07:31:04.000Z";"2781";179.36622912;193.4056049;175.56540993;178.86787702;5367389009.73;52475356326.26;293374960.34;"2021-09-11T23:59:59.999Z"
"2021-09-10T00:00:00.000Z";"2021-09-10T23:59:59.999Z";"2021-09-10T02:21:04.000Z";"2021-09-10T14:45:04.000Z";"2781";187.61280113;196.94519074;168.69081884;179.86522803;7087524572.21;52738113947.81;293209057.28;"2021-09-10T23:59:59.999Z"
"2021-09-09T00:00:00.000Z";"2021-09-09T23:59:59.999Z";"2021-09-09T02:19:04.000Z";"2021-09-09T19:14:04.000Z";"2781";209.47079301;214.95718552;181.44587833;188.19579358;12676272744.01;55154395897.84;293069227.79;"2021-09-09T23:59:59.999Z"
"2021-09-08T00:00:00.000Z";"2021-09-08T23:59:59.999Z";"2021-09-08T20:03:04.000Z";"2021-09-08T08:24:04.000Z";"2781";173.27856467;197.98901925;147.99118468;191.04139002;13187213606.22;55944567503.59;292840035.85;"2021-09-08T23:59:59.999Z"
"2021-09-07T00:00:00.000Z";"2021-09-07T23:59:59.999Z";"2021-09-07T06:35:04.000Z";"2021-09-07T15:10:04.000Z";"2781";164.18368058;194.81970151;133.10025255;173.14892871;17068643415.98;50680710099.99;292700107.81;"2021-09-07T23:59:59.999Z"
"2021-09-06T00:00:00.000Z";"2021-09-06T23:59:59.999Z";"2021-09-06T21:45:23.000Z";"2021-09-06T12:05:09.000Z";"2781";142.06281902;165.87874506;138.03820846;164.3809209;5774090688.36;47900300587.91;291398176.42;"2021-09-06T23:59:59.999Z"
"2021-09-05T00:00:00.000Z";"2021-09-05T23:59:59.999Z";"2021-09-05T01:13:04.000Z";"2021-09-05T15:14:04.000Z";"2781";138.99014216;144.99785751;135.07996353;142.07087706;2996918104.87;41399255561.46;291398606.23;"2021-09-05T23:59:59.999Z"
"2021-09-04T00:00:00.000Z";"2021-09-04T23:59:59.999Z";"2021-09-04T03:23:04.000Z";"2021-09-04T17:11:04.000Z";"2781";146.41840613;150.42855958;136.44954736;139.11306214;3970422964.08;40517769039.13;291257833.13;"2021-09-04T23:59:59.999Z"
"2021-09-03T00:00:00.000Z";"2021-09-03T23:59:59.999Z";"2021-09-03T22:05:04.000Z";"2021-09-03T00:00:05.000Z";"2781";128.38908176;148.83417919;128.38908176;146.58305168;7526373836.99;42693513644.54;291258185.4;"2021-09-03T23:59:59.999Z"
"2021-09-02T00:00:00.000Z";"2021-09-02T23:59:59.999Z";"2021-09-02T21:15:04.000Z";"2021-09-02T00:07:01.000Z";"2781";110.73124183;131.96188994;109.65261772;128.10239236;5074399603.16;37259468690.41;290856930.96;"2021-09-02T23:59:59.999Z"
"2021-09-01T00:00:00.000Z";"2021-09-01T23:59:59.999Z";"2021-09-01T12:33:34.000Z";"2021-09-01T01:02:09.000Z";"2781";107.4444793;119.53011132;106.27081737;111.03300412;3974443896.04;32279142628.13;290716646.67;"2021-09-01T23:59:59.999Z"
"2021-08-31T00:00:00.000Z";"2021-08-31T23:59:59.999Z";"2021-08-31T12:37:24.000Z";"2021-08-31T22:40:15.000Z";"2781";109.75614736;130.0146119;103.35130101;108.48376884;7590894022.05;31578154528.76;291086444.24;"2021-08-31T23:59:59.999Z"
"2021-08-30T00:00:00.000Z";"2021-08-30T23:59:59.999Z";"2021-08-30T18:59:20.000Z";"2021-08-30T00:03:28.000Z";"2781";94.34486938;116.85022975;94.03771552;110.54480616;5274104165.4;32162385737.82;290944340.64;"2021-08-30T23:59:59.999Z"
"2021-08-29T00:00:00.000Z";"2021-08-29T23:59:59.999Z";"2021-08-29T01:16:41.000Z";"2021-08-29T15:12:30.000Z";"2781";96.56397009;97.777874;90.99362306;94.46967029;1830344091.1;27485451270.32;290944714.69;"2021-08-29T23:59:59.999Z"
"2021-08-28T00:00:00.000Z";"2021-08-28T23:59:59.999Z";"2021-08-28T23:17:27.000Z";"2021-08-28T05:45:29.000Z";"2781";88.00001639;97.84294658;85.79064332;96.7031728;2580080502.92;28135310599.42;290945061.94;"2021-08-28T23:59:59.999Z"
"2021-08-27T00:00:00.000Z";"2021-08-27T23:59:59.999Z";"2021-08-27T22:59:13.000Z";"2021-08-27T00:17:26.000Z";"2781";74.81178086;88.85428063;72.71512752;88.08698571;3263988285.78;25615973857.46;290803160.67;"2021-08-27T23:59:59.999Z"
"2021-08-26T00:00:00.000Z";"2021-08-26T23:59:59.999Z";"2021-08-26T14:25:18.000Z";"2021-08-26T07:20:10.000Z";"2781";71.97343624;78.0552067;66.26456011;75.3162099;2713050537.96;21902216867.74;290803492.31;"2021-08-26T23:59:59.999Z"
"2021-08-25T00:00:00.000Z";"2021-08-25T23:59:59.999Z";"2021-08-25T06:04:08.000Z";"2021-08-25T08:56:18.000Z";"2781";70.67995912;72.70286789;66.22276622;71.95156795;1551240766.49;20923790993.99;290803822.49;"2021-08-25T23:59:59.999Z"
"2021-08-24T00:00:00.000Z";"2021-08-24T23:59:59.999Z";"2021-08-24T04:13:04.000Z";"2021-08-24T16:17:05.000Z";"2781";75.78017434;79.3709481;68.61979211;70.67090268;2153611667.43;20541377499.51;290662446.92;"2021-08-24T23:59:59.999Z"
"2021-08-23T00:00:00.000Z";"2021-08-23T23:59:59.999Z";"2021-08-23T23:37:04.000Z";"2021-08-23T14:42:05.000Z";"2781";72.7694083;76.70533219;71.68075002;75.70803566;1372134245.41;21708006369.5;286733187.32;"2021-08-23T23:59:59.999Z"
"2021-08-22T00:00:00.000Z";"2021-08-22T23:59:59.999Z";"2021-08-22T08:31:04.000Z";"2021-08-22T20:45:04.000Z";"2781";73.86833628;77.48115707;71.553948;72.8039136;968933848.51;20875322466.34;286733520.69;"2021-08-22T23:59:59.999Z"
"2021-08-21T00:00:00.000Z";"2021-08-21T23:59:59.999Z";"2021-08-21T02:27:04.000Z";"2021-08-21T19:55:04.000Z";"2781";78.6989265;81.81377468;72.69692804;73.75620815;1513097170.74;21137257123.5;286582752.19;"2021-08-21T23:59:59.999Z"
"2021-08-20T00:00:00.000Z";"2021-08-20T23:59:59.999Z";"2021-08-20T21:50:04.000Z";"2021-08-20T08:11:04.000Z";"2781";72.74890235;79.99000421;70.93728935;78.72461856;1844455899.05;22561143908.43;286583083.16;"2021-08-20T23:59:59.999Z"
"2021-08-19T00:00:00.000Z";"2021-08-19T23:59:59.999Z";"2021-08-19T01:00:04.000Z";"2021-08-19T12:08:04.000Z";"2781";72.83855984;75.09242338;68.61049582;72.75760565;2467398203.42;20840771192.88;286441135.71;"2021-08-19T23:59:59.999Z"
"2021-08-18T00:00:00.000Z";"2021-08-18T23:59:59.999Z";"2021-08-18T14:44:04.000Z";"2021-08-18T01:14:04.000Z";"2781";64.16835272;80.11990739;60.26971559;72.54331343;4507409621.92;20779131388.78;286437583.36;"2021-08-18T23:59:59.999Z"
"2021-08-17T00:00:00.000Z";"2021-08-17T23:59:59.999Z";"2021-08-17T07:43:04.000Z";"2021-08-17T20:32:04.000Z";"2781";62.11533038;74.88926069;58.98133261;64.21070516;4043742154.18;18392377588;286437869.56;"2021-08-17T23:59:59.999Z"
"2021-08-16T00:00:00.000Z";"2021-08-16T23:59:59.999Z";"2021-08-16T14:49:04.000Z";"2021-08-16T00:13:04.000Z";"2781";53.54114994;68.82236916;52.46584946;62.43246289;3799339365.34;17874089307.34;286294797.27;"2021-08-16T23:59:59.999Z"
"2021-08-15T00:00:00.000Z";"2021-08-15T23:59:59.999Z";"2021-08-15T19:35:04.000Z";"2021-08-15T08:03:04.000Z";"2781";44.14995466;54.62954974;43.45000899;53.74515986;1448656563.85;15386975520.95;286295092.64;"2021-08-15T23:59:59.999Z"
"2021-08-14T00:00:00.000Z";"2021-08-14T23:59:59.999Z";"2021-08-14T09:41:04.000Z";"2021-08-14T10:21:04.000Z";"2781";44.8514272;44.87123772;42.93765973;44.11285246;363834257.49;12629306462.57;286295393.71;"2021-08-14T23:59:59.999Z"
"2021-08-13T00:00:00.000Z";"2021-08-13T23:59:59.999Z";"2021-08-13T23:58:04.000Z";"2021-08-13T00:19:04.000Z";"2781";41.1143672;44.90052398;40.72161747;44.89450053;541894525.01;12769451326.05;284432417.68;"2021-08-13T23:59:59.999Z"
"2021-08-12T00:00:00.000Z";"2021-08-12T23:59:59.999Z";"2021-08-12T03:36:04.000Z";"2021-08-12T14:58:04.000Z";"2781";41.70451241;43.40190871;39.38155697;41.09936341;527833803.7;11689996880.35;284432553.44;"2021-08-12T23:59:59.999Z"
"2021-08-11T00:00:00.000Z";"2021-08-11T23:59:59.999Z";"2021-08-11T20:29:04.000Z";"2021-08-11T00:02:04.000Z";"2781";40.64894236;43.73913829;40.62823927;41.74411545;507980107.35;11872222934.38;284404707.26;"2021-08-11T23:59:59.999Z"
"2021-08-10T00:00:00.000Z";"2021-08-10T23:59:59.999Z";"2021-08-10T12:45:04.000Z";"2021-08-10T00:49:04.000Z";"2781";38.67880934;41.66090654;38.22317131;40.63979678;452480699.44;11079929651.03;272637427.58;"2021-08-10T23:59:59.999Z"
"2021-08-09T00:00:00.000Z";"2021-08-09T23:59:59.999Z";"2021-08-09T16:08:05.000Z";"2021-08-09T01:16:04.000Z";"2781";37.66049484;40.00484239;36.48117133;38.76778341;377034585.33;10569548742.83;272637427.58;"2021-08-09T23:59:59.999Z"
"2021-08-08T00:00:00.000Z";"2021-08-08T23:59:59.999Z";"2021-08-08T00:25:04.000Z";"2021-08-08T19:15:04.000Z";"2781";39.46590615;39.5332923;36.93557596;37.67382443;358570314.83;10271294579.9;272637427.58;"2021-08-08T23:59:59.999Z"
"2021-08-07T00:00:00.000Z";"2021-08-07T23:59:59.999Z";"2021-08-07T10:11:03.000Z";"2021-08-07T17:37:04.000Z";"2781";39.4923033;40.50587905;37.62660424;39.40347201;534979916.29;10742861246.16;272637427.58;"2021-08-07T23:59:59.999Z"
"2021-08-06T00:00:00.000Z";"2021-08-06T23:59:59.999Z";"2021-08-06T17:46:04.000Z";"2021-08-06T04:21:05.000Z";"2781";37.35535954;40.38808552;35.68829327;39.44610368;589190671.39;10754484235.02;272637427.58;"2021-08-06T23:59:59.999Z"
"2021-08-05T00:00:00.000Z";"2021-08-05T23:59:59.999Z";"2021-08-05T14:18:03.000Z";"2021-08-05T01:30:20.000Z";"2781";35.77197714;38.20886815;35.53385458;37.35513717;595137193.11;10184408504.33;272637427.58;"2021-08-05T23:59:59.999Z"
"2021-08-04T00:00:00.000Z";"2021-08-04T23:59:59.999Z";"2021-08-04T22:16:08.000Z";"2021-08-04T09:04:10.000Z";"2781";34.10835591;36.65247862;33.2731824;35.76362676;413657601.83;9750503201.21;272637427.58;"2021-08-04T23:59:59.999Z"
"2021-08-03T00:00:00.000Z";"2021-08-03T23:59:59.999Z";"2021-08-03T12:58:32.000Z";"2021-08-03T05:15:10.000Z";"2781";33.19142448;35.83309271;32.40266204;33.9964386;474629269.4;9268701566.69;272637427.58;"2021-08-03T23:59:59.999Z"
"2021-08-02T00:00:00.000Z";"2021-08-02T23:59:59.999Z";"2021-08-02T07:09:07.000Z";"2021-08-02T21:29:10.000Z";"2781";34.19056231;35.91239515;33.06065238;33.22241921;407399691.38;9057674911.36;272637427.58;"2021-08-02T23:59:59.999Z"
"2021-08-01T00:00:00.000Z";"2021-08-01T23:59:59.999Z";"2021-08-01T00:01:11.000Z";"2021-08-01T23:29:07.000Z";"2781";36.67912471;36.71991417;33.28300391;34.25436021;490639931.31;9339020650.69;272637427.58;"2021-08-01T23:59:59.999Z"
"2021-07-31T00:00:00.000Z";"2021-07-31T23:59:59.999Z";"2021-07-31T23:58:22.000Z";"2021-07-31T05:32:05.000Z";"2781";32.35328637;36.86826003;31.68321896;36.82731292;587168180.52;10040503857.97;272637427.58;"2021-07-31T23:59:59.999Z"
"2021-07-30T00:00:00.000Z";"2021-07-30T23:59:59.999Z";"2021-07-30T03:54:04.000Z";"2021-07-30T09:30:26.000Z";"2781";31.27541627;33.05512829;30.06767347;32.39394324;617830199.25;8831801353.86;272637427.58;"2021-07-30T23:59:59.999Z"
"2021-07-29T00:00:00.000Z";"2021-07-29T23:59:59.999Z";"2021-07-29T20:23:04.000Z";"2021-07-29T01:25:04.000Z";"2781";27.87797477;31.88614786;27.37243885;31.28113829;448009570.77;8528409074.04;272637427.58;"2021-07-29T23:59:59.999Z"
"2021-07-28T00:00:00.000Z";"2021-07-28T23:59:59.999Z";"2021-07-28T12:19:04.000Z";"2021-07-28T06:44:04.000Z";"2781";28.14564068;28.74695401;27.41233256;27.81541072;315682626.11;7583522025.52;272637427.58;"2021-07-28T23:59:59.999Z"
"2021-07-27T00:00:00.000Z";"2021-07-27T23:59:59.999Z";"2021-07-27T13:02:04.000Z";"2021-07-27T18:09:04.000Z";"2781";28.21049784;28.95267222;27.00543136;28.06532582;375599550.33;7651658236.06;272637427.58;"2021-07-27T23:59:59.999Z"
"2021-07-26T00:00:00.000Z";"2021-07-26T23:59:59.999Z";"2021-07-26T01:45:04.000Z";"2021-07-26T21:40:04.000Z";"2781";28.22702597;31.05401743;27.90379807;28.30664179;743673802.34;7717450000.29;272637427.58;"2021-07-26T23:59:59.999Z"
"2021-07-25T00:00:00.000Z";"2021-07-25T23:59:59.999Z";"2021-07-25T00:23:04.000Z";"2021-07-25T14:13:05.000Z";"2781";28.64940046;28.87297766;26.52855298;28.16877357;309208018.29;7679861962.98;272637427.58;"2021-07-25T23:59:59.999Z"
"2021-07-24T00:00:00.000Z";"2021-07-24T23:59:59.999Z";"2021-07-24T07:00:04.000Z";"2021-07-24T20:27:05.000Z";"2781";28.51790106;29.50779875;28.06863672;28.70262049;353750758.31;7825408614.85;272637427.58;"2021-07-24T23:59:59.999Z"
"2021-07-23T00:00:00.000Z";"2021-07-23T23:59:59.999Z";"2021-07-23T02:08:04.000Z";"2021-07-23T16:22:04.000Z";"2781";27.70650938;28.69061111;26.42571057;28.51387887;407955236.65;7773950586.67;272637427.58;"2021-07-23T23:59:59.999Z"
"2021-07-22T00:00:00.000Z";"2021-07-22T23:59:59.999Z";"2021-07-22T17:41:07.000Z";"2021-07-22T03:00:04.000Z";"2781";26.6653233;28.13598961;25.95221041;27.70208136;364666998;7552624200.1;272637427.58;"2021-07-22T23:59:59.999Z"
"2021-07-21T00:00:00.000Z";"2021-07-21T23:59:59.999Z";"2021-07-21T16:41:04.000Z";"2021-07-21T01:17:04.000Z";"2781";23.44345616;27.4164984;22.86536953;26.62308016;555770206.31;7258448090.07;272637427.58;"2021-07-21T23:59:59.999Z"
"2021-07-20T00:00:00.000Z";"2021-07-20T23:59:59.999Z";"2021-07-20T00:37:04.000Z";"2021-07-20T10:01:04.000Z";"2781";24.51030084;24.97560298;22.17754202;23.48955525;413439963.38;6404131917;272637427.58;"2021-07-20T23:59:59.999Z"
"2021-07-19T00:00:00.000Z";"2021-07-19T23:59:59.999Z";"2021-07-19T00:07:04.000Z";"2021-07-19T13:02:04.000Z";"2781";26.67123978;26.72174643;24.01224546;24.44757672;361915410.33;6665324427.36;272637427.58;"2021-07-19T23:59:59.999Z"
"2021-07-18T00:00:00.000Z";"2021-07-18T23:59:59.999Z";"2021-07-18T01:32:04.000Z";"2021-07-18T15:00:04.000Z";"2781";26.78417044;27.73356371;26.36097844;26.75191045;230336396.49;7293572047.71;272637427.58;"2021-07-18T23:59:59.999Z"
"2021-07-17T00:00:00.000Z";"2021-07-17T23:59:59.999Z";"2021-07-17T20:32:04.000Z";"2021-07-17T00:19:04.000Z";"2781";26.25412319;27.69698762;26.04067015;26.72166752;289689475.47;7285326694.55;272637427.58;"2021-07-17T23:59:59.999Z"
"2021-07-16T00:00:00.000Z";"2021-07-16T23:59:59.999Z";"2021-07-16T02:13:04.000Z";"2021-07-16T23:53:04.000Z";"2781";28.54906687;29.44220391;26.22880983;26.37000949;374718328.01;7189451552.23;272637427.58;"2021-07-16T23:59:59.999Z"
"2021-07-15T00:00:00.000Z";"2021-07-15T23:59:59.999Z";"2021-07-15T01:14:05.000Z";"2021-07-15T17:11:08.000Z";"2781";31.36070058;31.48340459;28.00840336;28.45210132;329918375.91;7757107711.86;272637427.58;"2021-07-15T23:59:59.999Z"
"2021-07-14T00:00:00.000Z";"2021-07-14T23:59:59.999Z";"2021-07-14T18:40:06.000Z";"2021-07-14T06:14:06.000Z";"2781";29.14269326;31.43533941;27.51570271;31.2809995;331866434.17;8528371236.2;272637427.58;"2021-07-14T23:59:59.999Z"
"2021-07-13T00:00:00.000Z";"2021-07-13T23:59:59.999Z";"2021-07-13T00:35:06.000Z";"2021-07-13T20:03:06.000Z";"2781";30.78640318;31.0937043;28.91860697;29.1211904;197825361.82;7939526439.05;272637427.58;"2021-07-13T23:59:59.999Z"
"2021-07-12T00:00:00.000Z";"2021-07-12T23:59:59.999Z";"2021-07-12T03:43:04.000Z";"2021-07-12T19:35:06.000Z";"2781";32.17339032;32.64405405;30.07420199;30.84808787;221058993.41;8410343322.64;272637427.58;"2021-07-12T23:59:59.999Z"
"2021-07-11T00:00:00.000Z";"2021-07-11T23:59:59.999Z";"2021-07-11T15:17:06.000Z";"2021-07-11T07:49:06.000Z";"2781";31.69303936;32.53633636;31.41175747;32.17784263;211679809.75;8772884240.23;272637427.58;"2021-07-11T23:59:59.999Z"
"2021-07-10T00:00:00.000Z";"2021-07-10T23:59:59.999Z";"2021-07-10T00:43:06.000Z";"2021-07-10T20:12:06.000Z";"2781";33.31843861;34.14048811;31.1867849;31.78864522;296566656.79;8666774458.41;272637427.58;"2021-07-10T23:59:59.999Z"
"2021-07-09T00:00:00.000Z";"2021-07-09T23:59:59.999Z";"2021-07-09T14:25:06.000Z";"2021-07-09T01:48:04.000Z";"2781";33.13433066;34.38794777;31.99104934;33.26464805;327170629.42;9069188074.96;272637427.58;"2021-07-09T23:59:59.999Z"
"2021-07-08T00:00:00.000Z";"2021-07-08T23:59:59.999Z";"2021-07-08T00:09:04.000Z";"2021-07-08T22:34:05.000Z";"2781";36.71971967;36.91528293;32.80227442;33.20372567;498201256.92;9052578353.24;272637427.58;"2021-07-08T23:59:59.999Z"
"2021-07-07T00:00:00.000Z";"2021-07-07T23:59:59.999Z";"2021-07-07T19:10:05.000Z";"2021-07-07T00:33:05.000Z";"2781";34.23280872;38.01170251;33.8420286;36.59137132;519252659.09;9976177348.95;272637427.58;"2021-07-07T23:59:59.999Z"
"2021-07-06T00:00:00.000Z";"2021-07-06T23:59:59.999Z";"2021-07-06T08:56:04.000Z";"2021-07-06T00:00:06.000Z";"2781";32.93030657;34.97831874;32.93030657;34.26913971;365336040.07;9343050096.63;272637427.58;"2021-07-06T23:59:59.999Z"
"2021-07-05T00:00:00.000Z";"2021-07-05T23:59:59.999Z";"2021-07-05T10:54:05.000Z";"2021-07-05T17:44:05.000Z";"2781";34.28255049;34.46182386;32.48269155;32.98458751;313839322.49;8992833088.02;272637427.58;"2021-07-05T23:59:59.999Z"
"2021-07-04T00:00:00.000Z";"2021-07-04T23:59:59.999Z";"2021-07-04T08:03:06.000Z";"2021-07-04T02:01:05.000Z";"2781";34.49511721;35.50237168;33.55573709;34.31060133;303420519.91;9354354086.58;272637427.58;"2021-07-04T23:59:59.999Z"
"2021-07-03T00:00:00.000Z";"2021-07-03T23:59:59.999Z";"2021-07-03T10:46:06.000Z";"2021-07-03T03:31:05.000Z";"2781";34.01557504;35.40477019;33.29847492;34.47881569;327019963.78;9400215615.43;272637427.58;"2021-07-03T23:59:59.999Z"
"2021-07-02T00:00:00.000Z";"2021-07-02T23:59:59.999Z";"2021-07-02T23:58:05.000Z";"2021-07-02T06:18:05.000Z";"2781";33.30630993;34.03178588;31.47992402;34.02048201;440298779.57;9275256700.08;272637427.58;"2021-07-02T23:59:59.999Z"
"2021-07-01T00:00:00.000Z";"2021-07-01T23:59:59.999Z";"2021-07-01T00:09:05.000Z";"2021-07-01T08:03:05.000Z";"2781";35.50565339;35.53819144;32.38627423;33.40403357;474665320.76;9107189782.04;272637427.58;"2021-07-01T23:59:59.999Z"
"2021-06-30T00:00:00.000Z";"2021-06-30T23:59:59.999Z";"2021-06-30T23:49:05.000Z";"2021-06-30T15:46:05.000Z";"2781";33.96297243;35.95472226;31.60135067;35.55640607;570984167.9;9694007086.14;272637427.58;"2021-06-30T23:59:59.999Z"
"2021-06-29T00:00:00.000Z";"2021-06-29T23:59:59.999Z";"2021-06-29T14:41:05.000Z";"2021-06-29T03:04:05.000Z";"2781";33.00978597;35.78857772;32.72668303;33.86680149;471854279.1;9233357637.53;272637427.58;"2021-06-29T23:59:59.999Z"
"2021-06-28T00:00:00.000Z";"2021-06-28T23:59:59.999Z";"2021-06-28T21:57:06.000Z";"2021-06-28T02:00:05.000Z";"2781";31.88082998;34.243226;31.03512722;32.92778164;473612134.61;8977345683.28;272637427.58;"2021-06-28T23:59:59.999Z"
"2021-06-27T00:00:00.000Z";"2021-06-27T23:59:59.999Z";"2021-06-27T23:59:05.000Z";"2021-06-27T00:07:05.000Z";"2781";29.75264012;31.92939059;29.27119729;31.92939059;497353287.91;8705146914.45;272637427.58;"2021-06-27T23:59:59.999Z"
"2021-06-26T00:00:00.000Z";"2021-06-26T23:59:59.999Z";"2021-06-26T00:50:04.000Z";"2021-06-26T08:09:04.000Z";"2781";28.60789755;30.00703599;26.71081442;29.7128554;560342710.32;8100836462.86;272637427.58;"2021-06-26T23:59:59.999Z"
"2021-06-25T00:00:00.000Z";"2021-06-25T23:59:59.999Z";"2021-06-25T04:11:04.000Z";"2021-06-25T17:45:05.000Z";"2781";31.16853053;32.90251437;28.03508047;28.69886234;632052177.4;7824384002.14;272637427.58;"2021-06-25T23:59:59.999Z"
"2021-06-24T00:00:00.000Z";"2021-06-24T23:59:59.999Z";"2021-06-24T17:08:04.000Z";"2021-06-24T03:48:04.000Z";"2781";30.84607842;32.9913104;28.54838485;31.18103477;641150364.16;8501117109.74;272637427.58;"2021-06-24T23:59:59.999Z"
"2021-06-23T00:00:00.000Z";"2021-06-23T23:59:59.999Z";"2021-06-23T13:15:05.000Z";"2021-06-23T00:19:04.000Z";"2781";26.91294172;32.77296182;25.69648454;30.04888728;1111302686.63;8192451330.05;272637427.58;"2021-06-23T23:59:59.999Z"
"2021-06-22T00:00:00.000Z";"2021-06-22T23:59:59.999Z";"2021-06-22T01:16:04.000Z";"2021-06-22T13:56:04.000Z";"2781";26.59283132;28.71296813;20.38044415;26.77185571;1258580061.1;7299009872.97;272637427.58;"2021-06-22T23:59:59.999Z"
"2021-06-21T00:00:00.000Z";"2021-06-21T23:59:59.999Z";"2021-06-21T00:01:04.000Z";"2021-06-21T22:59:04.000Z";"2781";35.26143549;35.49761474;25.94907889;26.65740024;760344541.01;7267805027.63;272637427.58;"2021-06-21T23:59:59.999Z"
"2021-06-20T00:00:00.000Z";"2021-06-20T23:59:59.999Z";"2021-06-20T21:02:04.000Z";"2021-06-20T12:24:04.000Z";"2781";35.23702572;35.92838763;31.36209393;35.32201165;452587531.23;9630102393.55;272637427.58;"2021-06-20T23:59:59.999Z"
"2021-06-19T00:00:00.000Z";"2021-06-19T23:59:59.999Z";"2021-06-19T01:19:04.000Z";"2021-06-19T18:32:04.000Z";"2781";36.81910554;37.35458704;34.98160715;35.35343464;264640750.32;9638669476.32;272637427.58;"2021-06-19T23:59:59.999Z"
"2021-06-18T00:00:00.000Z";"2021-06-18T23:59:59.999Z";"2021-06-18T05:43:04.000Z";"2021-06-18T18:41:04.000Z";"2781";39.26678549;39.4271292;35.00401695;36.64879726;424163368.82;9991833808.98;272637427.58;"2021-06-18T23:59:59.999Z"
"2021-06-17T00:00:00.000Z";"2021-06-17T23:59:59.999Z";"2021-06-17T10:16:05.000Z";"2021-06-17T17:32:05.000Z";"2781";39.68927099;41.23743184;38.28608315;39.26459349;417775599.91;10704997763.63;272637427.58;"2021-06-17T23:59:59.999Z"
"2021-06-16T00:00:00.000Z";"2021-06-16T23:59:59.999Z";"2021-06-16T16:10:05.000Z";"2021-06-16T13:17:05.000Z";"2781";39.54534903;41.49630734;37.50349898;39.70361677;576016901.76;10824691940.44;272637427.58;"2021-06-16T23:59:59.999Z"
"2021-06-15T00:00:00.000Z";"2021-06-15T23:59:59.999Z";"2021-06-15T08:17:05.000Z";"2021-06-15T00:07:20.000Z";"2781";40.53583999;41.75867325;39.43581269;41.15364704;605285143.4;11220024464.76;272637427.58;"2021-06-15T23:59:59.999Z"
"2021-06-14T00:00:00.000Z";"2021-06-14T23:59:59.999Z";"2021-06-14T16:19:05.000Z";"2021-06-14T12:39:04.000Z";"2781";38.70452013;40.47652225;36.81413418;38.71305293;477871462.95;10554627165.2;272637427.58;"2021-06-14T23:59:59.999Z"
"2021-06-13T00:00:00.000Z";"2021-06-13T23:59:59.999Z";"2021-06-13T20:59:05.000Z";"2021-06-13T15:24:05.000Z";"2781";36.51470765;39.35997513;34.78298953;38.77043536;452988674.4;10570271763.77;272637427.58;"2021-06-13T23:59:59.999Z"
"2021-06-12T00:00:00.000Z";"2021-06-12T23:59:59.999Z";"2021-06-12T12:40:05.000Z";"2021-06-12T02:24:05.000Z";"2781";36.1643526;37.61422297;34.31815742;36.44168945;549070417.12;9935368468.58;272637427.58;"2021-06-12T23:59:59.999Z"
"2021-06-11T00:00:00.000Z";"2021-06-11T23:59:59.999Z";"2021-06-11T00:12:05.000Z";"2021-06-11T21:37:04.000Z";"2781";41.11015538;41.31248445;35.31117152;36.0460873;518666602.77;9827512516.02;272637427.58;"2021-06-11T23:59:59.999Z"
"2021-06-10T00:00:00.000Z";"2021-06-10T23:59:59.999Z";"2021-06-10T10:09:05.000Z";"2021-06-10T17:30:05.000Z";"2781";42.02403536;43.00490804;39.59678412;41.09867281;595246689.49;11205036430.93;272637427.58;"2021-06-10T23:59:59.999Z"
"2021-06-09T00:00:00.000Z";"2021-06-09T23:59:59.999Z";"2021-06-09T12:01:05.000Z";"2021-06-09T02:35:04.000Z";"2781";41.27979305;43.9975669;39.36863503;42.03177788;1218831040.77;11459435796.76;272637427.58;"2021-06-09T23:59:59.999Z"
"2021-06-08T00:00:00.000Z";"2021-06-08T23:59:59.999Z";"2021-06-08T22:33:05.000Z";"2021-06-08T15:22:04.000Z";"2781";38.25126869;42.47828958;33.6854604;41.51781354;1786996802.01;11319309882.19;272637427.58;"2021-06-08T23:59:59.999Z"
"2021-06-07T00:00:00.000Z";"2021-06-07T23:59:59.999Z";"2021-06-07T08:03:05.000Z";"2021-06-07T23:55:05.000Z";"2781";42.25367912;44.10055822;38.0908398;38.2623335;923157613.83;10431744177.47;272637427.58;"2021-06-07T23:59:59.999Z"
"2021-06-06T00:00:00.000Z";"2021-06-06T23:59:59.999Z";"2021-06-06T17:02:05.000Z";"2021-06-06T00:55:05.000Z";"2781";39.74912492;43.37719402;38.96399696;42.30837824;794387364.26;11534847407.96;272637427.58;"2021-06-06T23:59:59.999Z"
"2021-06-05T00:00:00.000Z";"2021-06-05T23:59:59.999Z";"2021-06-05T05:30:04.000Z";"2021-06-05T00:03:05.000Z";"2781";37.41737934;42.82267205;37.09911074;39.58540119;1112426663.75;10792461951.31;272637427.58;"2021-06-05T23:59:59.999Z"
"2021-06-04T00:00:00.000Z";"2021-06-04T23:59:59.999Z";"2021-06-04T03:37:05.000Z";"2021-06-04T12:11:04.000Z";"2781";39.58130434;39.60986377;34.31090061;37.41507138;1056279506.22;10200748812.85;272637427.58;"2021-06-04T23:59:59.999Z"
"2021-06-03T00:00:00.000Z";"2021-06-03T23:59:59.999Z";"2021-06-03T20:18:06.000Z";"2021-06-03T00:52:06.000Z";"2781";34.01871593;41.14537983;33.79223169;39.47090699;960056106.14;10761246544.92;272637427.58;"2021-06-03T23:59:59.999Z"
"2021-06-02T00:00:00.000Z";"2021-06-02T23:59:59.999Z";"2021-06-02T16:27:05.000Z";"2021-06-02T01:12:05.000Z";"2781";30.93523785;35.03815395;30.43285658;33.95631637;497567417.82;9257762745.02;272637427.58;"2021-06-02T23:59:59.999Z"
"2021-06-01T00:00:00.000Z";"2021-06-01T23:59:59.999Z";"2021-06-01T06:11:05.000Z";"2021-06-01T19:43:06.000Z";"2781";32.7708869;33.28991653;29.88017323;30.9852604;432053117.17;8447741686.96;272637427.58;"2021-06-01T23:59:59.999Z"
"2021-05-31T00:00:00.000Z";"2021-05-31T23:59:59.999Z";"2021-05-31T16:23:05.000Z";"2021-05-31T02:22:05.000Z";"2781";28.60424137;32.9835909;27.52474505;32.81624582;534826504.42;8946936842.81;272637427.58;"2021-05-31T23:59:59.999Z"
"2021-05-30T00:00:00.000Z";"2021-05-30T23:59:59.999Z";"2021-05-30T08:03:05.000Z";"2021-05-30T02:05:05.000Z";"2781";27.40831498;29.74925499;25.65029323;28.60265892;359661703.65;7798155350.85;272637427.58;"2021-05-30T23:59:59.999Z"
"2021-05-29T00:00:00.000Z";"2021-05-29T23:59:59.999Z";"2021-05-29T06:40:05.000Z";"2021-05-29T20:21:05.000Z";"2781";29.00313033;30.02233806;25.75094018;27.37642132;376859866.34;7463837084.79;272637427.58;"2021-05-29T23:59:59.999Z"
"2021-05-28T00:00:00.000Z";"2021-05-28T23:59:59.999Z";"2021-05-28T00:24:05.000Z";"2021-05-28T21:28:05.000Z";"2781";33.67552514;34.50250599;28.06714391;29.0392767;600255581.78;7917193696.93;272637427.58;"2021-05-28T23:59:59.999Z"
"2021-05-27T00:00:00.000Z";"2021-05-27T23:59:59.999Z";"2021-05-27T00:31:05.000Z";"2021-05-27T03:18:05.000Z";"2781";35.48244751;35.52704866;31.12712917;33.58459127;649389057.89;9156416571.33;272637427.58;"2021-05-27T23:59:59.999Z"
"2021-05-26T00:00:00.000Z";"2021-05-26T23:59:59.999Z";"2021-05-26T12:24:05.000Z";"2021-05-26T00:31:05.000Z";"2781";30.04799113;37.23763519;29.00855511;35.53981588;1069991364.89;9689483978.48;272637427.58;"2021-05-26T23:59:59.999Z"
"2021-05-25T00:00:00.000Z";"2021-05-25T23:59:59.999Z";"2021-05-25T00:26:05.000Z";"2021-05-25T10:42:05.000Z";"2781";31.39634748;33.13012834;26.10007356;29.99707775;909470304.61;8178326112.58;272637427.58;"2021-05-25T23:59:59.999Z"
"2021-05-24T00:00:00.000Z";"2021-05-24T23:59:59.999Z";"2021-05-24T20:02:05.000Z";"2021-05-24T00:00:05.000Z";"2781";24.49832001;32.09444973;24.49832001;31.28357082;1346786022.77;8529072274.79;272637427.58;"2021-05-24T23:59:59.999Z"
"2021-05-23T00:00:00.000Z";"2021-05-23T23:59:59.999Z";"2021-05-23T01:15:05.000Z";"2021-05-23T16:39:05.000Z";"2781";31.22576685;32.43626905;19.13983901;24.6887481;1925832341.42;6731076772.71;272637427.58;"2021-05-23T23:59:59.999Z"
"2021-05-22T00:00:00.000Z";"2021-05-22T23:59:59.999Z";"2021-05-22T01:26:05.000Z";"2021-05-22T19:59:05.000Z";"2781";38.98837859;40.00957894;31.2548617;31.31558234;1078751750.8;8537799811.16;272637427.58;"2021-05-22T23:59:59.999Z"
"2021-05-21T00:00:00.000Z";"2021-05-21T23:59:59.999Z";"2021-05-21T01:53:05.000Z";"2021-05-21T21:20:05.000Z";"2781";44.44725253;47.64559102;33.83739606;38.81285182;1769762028.27;10581836075.92;272637427.58;"2021-05-21T23:59:59.999Z"
"2021-05-20T00:00:00.000Z";"2021-05-20T23:59:59.999Z";"2021-05-20T17:02:05.000Z";"2021-05-20T00:54:05.000Z";"2781";35.04304516;51.25844794;32.31814122;44.74274669;2487748626.09;12198547360.64;272637427.58;"2021-05-20T23:59:59.999Z"
"2021-05-19T00:00:00.000Z";"2021-05-19T23:59:59.999Z";"2021-05-19T00:54:05.000Z";"2021-05-19T12:56:05.000Z";"2781";56.08925681;57.52577199;29.42985979;35.10718335;2772224998.89;9571532158.07;272637427.58;"2021-05-19T23:59:59.999Z"
"2021-05-18T00:00:00.000Z";"2021-05-18T23:59:59.999Z";"2021-05-18T16:53:05.000Z";"2021-05-18T01:56:05.000Z";"2781";46.66041775;58.30292665;46.18755746;55.91096029;2025388218.69;15243420387.39;272637427.58;"2021-05-18T23:59:59.999Z"
"2021-05-17T00:00:00.000Z";"2021-05-17T23:59:59.999Z";"2021-05-17T16:35:05.000Z";"2021-05-17T04:07:05.000Z";"2781";46.89802269;51.87603133;43.30291605;46.86320579;1951921365.76;12776663874.1;272637427.58;"2021-05-17T23:59:59.999Z"
"2021-05-16T00:00:00.000Z";"2021-05-16T23:59:59.999Z";"2021-05-16T13:55:05.000Z";"2021-05-16T19:55:05.000Z";"2781";43.40169344;52.50135077;41.91549761;47.20082674;1990976771.49;12868711981.4;272637427.58;"2021-05-16T23:59:59.999Z"
"2021-05-15T00:00:00.000Z";"2021-05-15T23:59:59.999Z";"2021-05-15T22:54:05.000Z";"2021-05-15T17:08:05.000Z";"2781";42.69994585;45.39178963;39.3746057;43.46130814;500445721.9;11849179250.7;272637427.58;"2021-05-15T23:59:59.999Z"
"2021-05-14T00:00:00.000Z";"2021-05-14T23:59:59.999Z";"2021-05-14T15:35:05.000Z";"2021-05-14T04:42:05.000Z";"2781";41.03451854;44.79143686;39.9860526;42.71786492;504167711.24;11646488803.58;272637427.58;"2021-05-14T23:59:59.999Z"
"2021-05-13T00:00:00.000Z";"2021-05-13T23:59:59.999Z";"2021-05-13T00:53:05.000Z";"2021-05-13T17:36:05.000Z";"2781";43.23508348;45.41709923;37.52689336;40.99785093;1016860656.29;11177548615.05;272637427.58;"2021-05-13T23:59:59.999Z"
"2021-05-12T00:00:00.000Z";"2021-05-12T23:59:59.999Z";"2021-05-12T22:02:05.000Z";"2021-05-12T23:59:05.000Z";"2781";44.59152554;48.97903539;42.45731054;42.45731054;1151668075.96;11575451927.3;272637427.58;"2021-05-12T23:59:59.999Z"
"2021-05-11T00:00:00.000Z";"2021-05-11T23:59:59.999Z";"2021-05-11T23:22:05.000Z";"2021-05-11T05:45:04.000Z";"2781";42.87227262;45.15120191;39.76296959;44.57746773;473731332.64;12153486129.98;272637427.58;"2021-05-11T23:59:59.999Z"
"2021-05-10T00:00:00.000Z";"2021-05-10T23:59:59.999Z";"2021-05-10T06:31:04.000Z";"2021-05-10T20:07:04.000Z";"2781";44.34209297;45.87750147;39.55884763;42.9096342;499528075.74;11698772287.18;272637427.58;"2021-05-10T23:59:59.999Z"
"2021-05-09T00:00:00.000Z";"2021-05-09T23:59:59.999Z";"2021-05-09T00:52:04.000Z";"2021-05-09T04:16:04.000Z";"2781";45.61763117;47.1212139;43.29694489;44.33019564;510603311.56;12086070502;272637427.58;"2021-05-09T23:59:59.999Z"
"2021-05-08T00:00:00.000Z";"2021-05-08T23:59:59.999Z";"2021-05-08T23:02:04.000Z";"2021-05-08T00:13:04.000Z";"2781";43.15206692;46.63902655;42.29801778;45.56153042;451056654.56;12421778450.87;272637427.58;"2021-05-08T23:59:59.999Z"
"2021-05-07T00:00:00.000Z";"2021-05-07T23:59:59.999Z";"2021-05-07T16:44:04.000Z";"2021-05-07T04:38:05.000Z";"2781";43.50265476;46.05956397;41.43837305;43.15501855;514344600.94;11765673243.42;272637427.58;"2021-05-07T23:59:59.999Z"
"2021-05-06T00:00:00.000Z";"2021-05-06T23:59:59.999Z";"2021-05-06T00:00:05.000Z";"2021-05-06T18:35:05.000Z";"2781";44.97405216;44.97405216;42.59158516;43.45567555;391497017.92;11847643595.56;272637427.58;"2021-05-06T23:59:59.999Z"
"2021-05-05T00:00:00.000Z";"2021-05-05T23:59:59.999Z";"2021-05-05T20:00:05.000Z";"2021-05-05T00:03:04.000Z";"2781";42.63723596;45.9277921;42.31573602;44.92357516;503781974.7;12247847970.24;272637427.58;"2021-05-05T23:59:59.999Z"
"2021-05-04T00:00:00.000Z";"2021-05-04T23:59:59.999Z";"2021-05-04T11:49:04.000Z";"2021-05-04T16:51:04.000Z";"2781";45.9833604;47.75715794;42.31310399;42.7295562;682976428.41;11649676283.04;272637427.58;"2021-05-04T23:59:59.999Z"
"2021-05-03T00:00:00.000Z";"2021-05-03T23:59:59.999Z";"2021-05-03T08:32:05.000Z";"2021-05-03T21:09:05.000Z";"2781";46.90397832;49.00945447;45.04447696;45.93368941;609194251.88;12523242921.18;272637427.58;"2021-05-03T23:59:59.999Z"
"2021-05-02T00:00:00.000Z";"2021-05-02T23:59:59.999Z";"2021-05-02T00:04:05.000Z";"2021-05-02T08:12:05.000Z";"2781";49.50080424;49.89667224;45.98182211;46.89098709;571072187.45;12784244033.41;272637554.19;"2021-05-02T23:59:59.999Z"
"2021-05-01T00:00:00.000Z";"2021-05-01T23:59:59.999Z";"2021-05-01T23:56:05.000Z";"2021-05-01T01:20:05.000Z";"2781";42.8933369;49.84457903;42.03086492;49.50802136;859524422.56;13490574630.96;272492704.44;"2021-05-01T23:59:59.999Z"
"2021-04-30T00:00:00.000Z";"2021-04-30T23:59:59.999Z";"2021-04-30T09:15:05.000Z";"2021-04-30T00:19:05.000Z";"2781";42.5000457;44.27015223;41.24350335;42.95600088;534976437.19;11604419645.43;270146647.89;"2021-04-30T23:59:59.999Z"
"2021-04-29T00:00:00.000Z";"2021-04-29T23:59:59.999Z";"2021-04-29T00:10:05.000Z";"2021-04-29T18:19:05.000Z";"2781";44.84995016;46.07149061;40.95098379;42.46054046;772259306.98;11470583798.14;270146909.89;"2021-04-29T23:59:59.999Z"
"2021-04-28T00:00:00.000Z";"2021-04-28T23:59:59.999Z";"2021-04-28T16:56:05.000Z";"2021-04-28T06:38:05.000Z";"2781";43.16144021;46.91656515;40.67207182;44.82598502;1021154320.38;12103108334.92;270002060.85;"2021-04-28T23:59:59.999Z"
"2021-04-27T00:00:00.000Z";"2021-04-27T23:59:59.999Z";"2021-04-27T02:14:05.000Z";"2021-04-27T19:46:05.000Z";"2781";43.89356993;46.54860972;42.55732682;43.2390029;904891996.11;11674627043.11;270002226.21;"2021-04-27T23:59:59.999Z"
"2021-04-26T00:00:00.000Z";"2021-04-26T23:59:59.999Z";"2021-04-26T08:37:05.000Z";"2021-04-26T22:07:05.000Z";"2781";47.54185509;48.31078375;43.37172735;43.97651543;1357487872.14;11867353941.86;269856622.94;"2021-04-26T23:59:59.999Z"
"2021-04-25T00:00:00.000Z";"2021-04-25T23:59:59.999Z";"2021-04-25T23:23:04.000Z";"2021-04-25T06:59:04.000Z";"2781";40.84547073;48.43426663;40.51201668;47.3676269;1583800799.69;12782467830.77;269856622.94;"2021-04-25T23:59:59.999Z"
"2021-04-24T00:00:00.000Z";"2021-04-24T23:59:59.999Z";"2021-04-24T20:36:04.000Z";"2021-04-24T02:17:04.000Z";"2781";37.25749642;43.53222132;34.68329376;40.73731561;1101380795.06;10993246510.76;269856919.8;"2021-04-24T23:59:59.999Z"
"2021-04-23T00:00:00.000Z";"2021-04-23T23:59:59.999Z";"2021-04-23T00:13:04.000Z";"2021-04-23T08:11:04.000Z";"2781";38.89918232;41.46325941;31.66427002;36.97842065;1612232268.31;9984870962.27;270018859.32;"2021-04-23T23:59:59.999Z"
"2021-04-22T00:00:00.000Z";"2021-04-22T23:59:59.999Z";"2021-04-22T22:46:04.000Z";"2021-04-22T00:11:05.000Z";"2781";32.68343072;40.97186247;31.60069045;38.87975927;1638622970.85;10498268248.37;270018859.32;"2021-04-22T23:59:59.999Z"
"2021-04-21T00:00:00.000Z";"2021-04-21T23:59:59.999Z";"2021-04-21T14:50:05.000Z";"2021-04-21T12:10:04.000Z";"2781";31.68153748;35.00430246;30.1674914;32.5130438;729130140.56;8779134999.57;270018859.32;"2021-04-21T23:59:59.999Z"
"2021-04-20T00:00:00.000Z";"2021-04-20T23:59:59.999Z";"2021-04-20T05:16:04.000Z";"2021-04-20T00:41:04.000Z";"2781";31.4762886;32.69721814;28.93257221;31.77005352;793008154.45;8578513611.25;270018859.32;"2021-04-20T23:59:59.999Z"
"2021-04-19T00:00:00.000Z";"2021-04-19T23:59:59.999Z";"2021-04-19T19:11:05.000Z";"2021-04-19T10:25:04.000Z";"2781";32.33952237;36.08025911;29.92590848;31.67589453;1219130981.38;8553088910.08;270018859.32;"2021-04-19T23:59:59.999Z"
"2021-04-18T00:00:00.000Z";"2021-04-18T23:59:59.999Z";"2021-04-18T23:34:05.000Z";"2021-04-18T03:51:05.000Z";"2781";25.13550181;32.90256908;21.5392092;32.30291905;1155150688.03;8722397354.82;270018859.32;"2021-04-18T23:59:59.999Z"
"2021-04-17T00:00:00.000Z";"2021-04-17T23:59:59.999Z";"2021-04-17T10:38:04.000Z";"2021-04-17T23:59:04.000Z";"2781";25.36920612;26.81976653;25.09987446;25.09987446;201720375.63;6777439470.22;270018859.32;"2021-04-17T23:59:59.999Z"
"2021-04-16T00:00:00.000Z";"2021-04-16T23:59:59.999Z";"2021-04-16T01:26:04.000Z";"2021-04-16T13:59:04.000Z";"2781";27.82032255;28.22687963;24.97291816;25.39736605;240665351.49;6857767811.72;270018859.32;"2021-04-16T23:59:59.999Z"
"2021-04-15T00:00:00.000Z";"2021-04-15T23:59:59.999Z";"2021-04-15T22:19:04.000Z";"2021-04-15T03:07:04.000Z";"2781";26.43684327;28.24940016;25.53941458;27.81831384;221346738.91;7511469370.13;270018859.32;"2021-04-15T23:59:59.999Z"
"2021-04-14T00:00:00.000Z";"2021-04-14T23:59:59.999Z";"2021-04-14T00:01:04.000Z";"2021-04-14T14:15:05.000Z";"2781";27.4000051;27.48269178;24.79202053;26.47511075;342565805.3;7148779204.5;270018859.32;"2021-04-14T23:59:59.999Z"
"2021-04-13T00:00:00.000Z";"2021-04-13T23:59:59.999Z";"2021-04-13T00:14:04.000Z";"2021-04-13T08:37:04.000Z";"2781";28.54101244;28.79794156;26.41760298;27.43555345;258183912.26;7408116848.38;270018859.32;"2021-04-13T23:59:59.999Z"
"2021-04-12T00:00:00.000Z";"2021-04-12T23:59:59.999Z";"2021-04-12T01:52:05.000Z";"2021-04-12T15:14:05.000Z";"2781";27.91836766;29.86230248;26.84274156;28.51212449;308804545.9;7698811332.92;270018859.32;"2021-04-12T23:59:59.999Z"
"2021-04-11T00:00:00.000Z";"2021-04-11T23:59:59.999Z";"2021-04-11T20:37:04.000Z";"2021-04-11T06:32:04.000Z";"2781";26.80805019;28.68722768;25.57831877;27.9318899;232938762.18;7542139623.2;270018951.42;"2021-04-11T23:59:59.999Z"
"2021-04-10T00:00:00.000Z";"2021-04-10T23:59:59.999Z";"2021-04-10T00:11:05.000Z";"2021-04-10T20:52:04.000Z";"2781";27.64971179;28.25796994;25.96322662;26.84140371;270235257.75;7247692203.54;270019119.81;"2021-04-10T23:59:59.999Z"
"2021-04-09T00:00:00.000Z";"2021-04-09T23:59:59.999Z";"2021-04-09T14:12:14.000Z";"2021-04-09T00:02:05.000Z";"2781";26.98580398;29.01473425;26.90382587;27.77827443;282477938.07;7456149619.5;268416587.14;"2021-04-09T23:59:59.999Z"
"2021-04-08T00:00:00.000Z";"2021-04-08T23:59:59.999Z";"2021-04-08T09:05:05.000Z";"2021-04-08T15:26:05.000Z";"2781";26.51459375;27.97001131;25.72493627;27.03398715;377988327.49;7256370566.76;268416587.14;"2021-04-08T23:59:59.999Z"
"2021-04-07T00:00:00.000Z";"2021-04-07T23:59:59.999Z";"2021-04-07T15:05:06.000Z";"2021-04-07T11:34:04.000Z";"2781";25.14556002;27.48761542;23.08935918;26.47807994;676846221.32;7107155850.83;268416587.14;"2021-04-07T23:59:59.999Z"
"2021-04-06T00:00:00.000Z";"2021-04-06T23:59:59.999Z";"2021-04-06T22:24:05.000Z";"2021-04-06T14:25:06.000Z";"2781";22.97784134;25.34652466;21.87661417;24.95714641;320886934.82;6695596353.77;268283730.95;"2021-04-06T23:59:59.999Z"
"2021-04-05T00:00:00.000Z";"2021-04-05T23:59:59.999Z";"2021-04-05T04:09:05.000Z";"2021-04-05T23:36:07.000Z";"2781";23.92883933;24.7776371;22.80645173;22.98428282;264085329.41;6166314086.86;268283945.85;"2021-04-05T23:59:59.999Z"
"2021-04-04T00:00:00.000Z";"2021-04-04T23:59:59.999Z";"2021-04-04T16:37:05.000Z";"2021-04-04T00:02:05.000Z";"2781";22.52737075;25.56953325;22.21296864;24.06132316;426557980.35;6455269614.1;268284066.09;"2021-04-04T23:59:59.999Z"
"2021-04-03T00:00:00.000Z";"2021-04-03T23:59:59.999Z";"2021-04-03T23:08:05.000Z";"2021-04-03T00:06:05.000Z";"2781";19.79645158;23.827189;19.78944967;22.55227712;483057739.57;6047400068.45;268150308.56;"2021-04-03T23:59:59.999Z"
"2021-04-02T00:00:00.000Z";"2021-04-02T23:59:59.999Z";"2021-04-02T23:53:05.000Z";"2021-04-02T02:29:05.000Z";"2781";19.08463141;19.82457274;18.568419;19.81022269;131061659.84;5312121531.63;268150520.74;"2021-04-02T23:59:59.999Z"
"2021-04-01T00:00:00.000Z";"2021-04-01T23:59:59.999Z";"2021-04-01T05:34:05.000Z";"2021-04-01T18:20:07.000Z";"2781";19.41568124;20.3615394;18.84424514;19.08490113;173731885.57;5121089267.43;268331977.86;"2021-04-01T23:59:59.999Z"
"2021-03-31T00:00:00.000Z";"2021-03-31T23:59:59.999Z";"2021-03-31T19:30:07.000Z";"2021-03-31T08:08:05.000Z";"2781";19.10168383;19.79580246;18.15625631;19.46522941;206011017.73;5220539301.49;268198190.23;"2021-03-31T23:59:59.999Z"
"2021-03-30T00:00:00.000Z";"2021-03-30T23:59:59.999Z";"2021-03-30T06:30:05.000Z";"2021-03-30T00:00:05.000Z";"2781";18.89140274;20.86947517;18.89140274;19.2339251;264028426.63;5158507265.85;268198365.12;"2021-03-30T23:59:59.999Z"
"2021-03-29T00:00:00.000Z";"2021-03-29T23:59:59.999Z";"2021-03-29T17:59:05.000Z";"2021-03-29T05:47:05.000Z";"2781";18.08330268;18.98784228;17.70036375;18.85480803;216748600.52;5056832100.48;268198546.04;"2021-03-29T23:59:59.999Z"
"2021-03-28T00:00:00.000Z";"2021-03-28T23:59:59.999Z";"2021-03-28T17:31:05.000Z";"2021-03-28T00:36:04.000Z";"2781";16.47942327;19.38600611;16.34500899;18.01623371;426120062.11;4829519370.48;268064871.27;"2021-03-28T23:59:59.999Z"
"2021-03-27T00:00:00.000Z";"2021-03-27T23:59:59.999Z";"2021-03-27T23:30:06.000Z";"2021-03-27T00:06:05.000Z";"2781";14.78624602;16.80416436;14.75804617;16.50832188;223872586.73;4425303443.32;268065008.32;"2021-03-27T23:59:59.999Z"